protocol,ip_src,ip_dst,port_src,port_dst,packet_length,timestamp,ttl,label
TCP,192.168.100.20,192.168.100.10,55754,22,74,1771716356.301452,64,normal
TCP,192.168.100.10,192.168.100.20,22,55754,74,1771716356.301481,64,normal
TCP,192.168.100.20,192.168.100.10,55754,22,66,1771716356.301807,64,normal
TCP,192.168.100.20,192.168.100.10,55754,22,99,1771716356.302038,64,normal
TCP,192.168.100.10,192.168.100.20,22,55754,66,1771716356.302048,64,normal
TCP,192.168.100.10,192.168.100.20,22,55754,109,1771716356.36333,64,normal
TCP,192.168.100.20,192.168.100.10,55754,22,66,1771716356.363703,64,normal
TCP,192.168.100.20,192.168.100.10,55754,22,1634,1771716356.364878,64,normal
TCP,192.168.100.10,192.168.100.20,22,55754,66,1771716356.364894,64,normal
TCP,192.168.100.10,192.168.100.20,22,55754,1186,1771716356.366818,64,normal
TCP,192.168.100.20,192.168.100.10,55754,22,1274,1771716356.37536,64,normal
TCP,192.168.100.10,192.168.100.20,22,55754,1598,1771716356.392052,64,normal
TCP,192.168.100.20,192.168.100.10,55754,22,66,1771716356.392561,64,normal
TCP,192.168.100.20,192.168.100.10,55754,22,150,1771716365.571474,64,normal
TCP,192.168.100.10,192.168.100.20,22,55754,66,1771716365.626095,64,normal
TCP,192.168.100.20,192.168.100.10,55754,22,110,1771716365.626535,64,normal
TCP,192.168.100.10,192.168.100.20,22,55754,66,1771716365.626554,64,normal
TCP,192.168.100.10,192.168.100.20,22,55754,110,1771716365.626673,64,normal
TCP,192.168.100.20,192.168.100.10,55754,22,134,1771716365.627041,64,normal
TCP,192.168.100.10,192.168.100.20,22,55754,330,1771716365.627907,64,normal
TCP,192.168.100.20,192.168.100.10,55754,22,66,1771716365.678329,64,normal
TCP,192.168.100.20,192.168.100.10,55754,22,214,1771716375.679189,64,normal
TCP,192.168.100.10,192.168.100.20,22,55754,94,1771716375.69706,64,normal
TCP,192.168.100.20,192.168.100.10,55754,22,66,1771716375.697515,64,normal
TCP,192.168.100.20,192.168.100.10,55754,22,178,1771716375.698637,64,normal
TCP,192.168.100.10,192.168.100.20,22,55754,66,1771716375.89731,64,normal
TCP,192.168.100.10,192.168.100.20,22,55754,694,1771716376.317817,64,normal
TCP,192.168.100.20,192.168.100.10,55754,22,646,1771716376.321783,64,normal
TCP,192.168.100.10,192.168.100.20,22,55754,110,1771716376.321803,64,normal
TCP,192.168.100.20,192.168.100.10,55754,22,594,1771716376.322097,64,normal
TCP,192.168.100.10,192.168.100.20,22,55754,606,1771716376.326418,64,normal
TCP,192.168.100.10,192.168.100.20,22,55754,174,1771716376.327492,64,normal
TCP,192.168.100.10,192.168.100.20,22,55754,974,1771716376.32796,64,normal
TCP,192.168.100.20,192.168.100.10,55754,22,66,1771716376.329114,64,normal
TCP,192.168.100.10,192.168.100.20,22,55754,190,1771716376.364577,64,normal
TCP,192.168.100.20,192.168.100.10,55754,22,66,1771716376.408099,64,normal
TCP,192.168.100.20,192.168.100.10,55754,22,102,1771716430.364181,64,normal
TCP,192.168.100.10,192.168.100.20,22,55754,102,1771716430.364972,64,normal
TCP,192.168.100.20,192.168.100.10,55754,22,66,1771716430.365319,64,normal
TCP,192.168.100.20,192.168.100.10,55754,22,102,1771716430.386432,64,normal
TCP,192.168.100.10,192.168.100.20,22,55754,102,1771716430.386549,64,normal
TCP,192.168.100.20,192.168.100.10,55754,22,102,1771716430.40681,64,normal
TCP,192.168.100.10,192.168.100.20,22,55754,102,1771716430.406929,64,normal
TCP,192.168.100.20,192.168.100.10,55754,22,102,1771716430.434415,64,normal
TCP,192.168.100.10,192.168.100.20,22,55754,102,1771716430.434542,64,normal
TCP,192.168.100.20,192.168.100.10,55754,22,102,1771716430.458015,64,normal
TCP,192.168.100.10,192.168.100.20,22,55754,102,1771716430.458193,64,normal
TCP,192.168.100.20,192.168.100.10,55754,22,102,1771716430.484755,64,normal
TCP,192.168.100.10,192.168.100.20,22,55754,102,1771716430.484891,64,normal
TCP,192.168.100.20,192.168.100.10,55754,22,66,1771716430.544411,64,normal
TCP,192.168.100.20,192.168.100.10,55754,22,102,1771716430.544411,64,normal
TCP,192.168.100.10,192.168.100.20,22,55754,102,1771716430.544534,64,normal
TCP,192.168.100.20,192.168.100.10,55754,22,66,1771716430.54491,64,normal
TCP,192.168.100.20,192.168.100.10,55754,22,102,1771716430.610813,64,normal
TCP,192.168.100.10,192.168.100.20,22,55754,102,1771716430.611013,64,normal
TCP,192.168.100.20,192.168.100.10,55754,22,66,1771716430.611368,64,normal
TCP,192.168.100.20,192.168.100.10,55754,22,102,1771716430.652747,64,normal
TCP,192.168.100.10,192.168.100.20,22,55754,102,1771716430.652888,64,normal
TCP,192.168.100.20,192.168.100.10,55754,22,66,1771716430.653199,64,normal
TCP,192.168.100.20,192.168.100.10,55754,22,102,1771716430.673831,64,normal
TCP,192.168.100.10,192.168.100.20,22,55754,102,1771716430.673916,64,normal
TCP,192.168.100.20,192.168.100.10,55754,22,102,1771716430.704447,64,normal
TCP,192.168.100.10,192.168.100.20,22,55754,102,1771716430.704568,64,normal
TCP,192.168.100.20,192.168.100.10,55754,22,102,1771716430.726039,64,normal
TCP,192.168.100.10,192.168.100.20,22,55754,102,1771716430.726161,64,normal
TCP,192.168.100.20,192.168.100.10,55754,22,66,1771716430.786711,64,normal
TCP,192.168.100.20,192.168.100.10,55754,22,102,1771716430.786711,64,normal
TCP,192.168.100.10,192.168.100.20,22,55754,102,1771716430.786886,64,normal
TCP,192.168.100.20,192.168.100.10,55754,22,66,1771716430.787197,64,normal
TCP,192.168.100.20,192.168.100.10,55754,22,102,1771716430.837526,64,normal
TCP,192.168.100.10,192.168.100.20,22,55754,102,1771716430.837614,64,normal
TCP,192.168.100.20,192.168.100.10,55754,22,66,1771716430.837891,64,normal
TCP,192.168.100.20,192.168.100.10,55754,22,102,1771716430.903722,64,normal
TCP,192.168.100.10,192.168.100.20,22,55754,118,1771716430.903879,64,normal
TCP,192.168.100.20,192.168.100.10,55754,22,66,1771716430.904214,64,normal
TCP,192.168.100.10,192.168.100.20,22,55754,134,1771716430.905802,64,normal
TCP,192.168.100.10,192.168.100.20,22,55754,182,1771716430.905861,64,normal
TCP,192.168.100.20,192.168.100.10,55754,22,66,1771716430.906168,64,normal
TCP,192.168.100.20,192.168.100.10,55754,22,66,1771716430.906168,64,normal
TCP,192.168.100.20,192.168.100.10,55754,22,102,1771716431.021612,64,normal
TCP,192.168.100.10,192.168.100.20,22,55754,102,1771716431.021826,64,normal
TCP,192.168.100.20,192.168.100.10,55754,22,66,1771716431.022253,64,normal
TCP,192.168.100.20,192.168.100.10,55754,22,102,1771716431.130941,64,normal
TCP,192.168.100.10,192.168.100.20,22,55754,102,1771716431.131035,64,normal
TCP,192.168.100.20,192.168.100.10,55754,22,66,1771716431.131587,64,normal
TCP,192.168.100.20,192.168.100.10,55754,22,102,1771716431.170586,64,normal
TCP,192.168.100.10,192.168.100.20,22,55754,102,1771716431.170707,64,normal
TCP,192.168.100.20,192.168.100.10,55754,22,66,1771716431.171111,64,normal
TCP,192.168.100.20,192.168.100.10,55754,22,102,1771716431.191459,64,normal
TCP,192.168.100.10,192.168.100.20,22,55754,102,1771716431.19158,64,normal
TCP,192.168.100.20,192.168.100.10,55754,22,102,1771716431.212249,64,normal
TCP,192.168.100.10,192.168.100.20,22,55754,102,1771716431.212392,64,normal
TCP,192.168.100.20,192.168.100.10,55754,22,102,1771716431.249751,64,normal
TCP,192.168.100.10,192.168.100.20,22,55754,102,1771716431.249918,64,normal
TCP,192.168.100.20,192.168.100.10,55754,22,102,1771716431.273156,64,normal
TCP,192.168.100.10,192.168.100.20,22,55754,102,1771716431.273241,64,normal
TCP,192.168.100.20,192.168.100.10,55754,22,102,1771716431.299658,64,normal
TCP,192.168.100.10,192.168.100.20,22,55754,102,1771716431.299779,64,normal
TCP,192.168.100.20,192.168.100.10,55754,22,102,1771716431.333513,64,normal
TCP,192.168.100.10,192.168.100.20,22,55754,102,1771716431.333634,64,normal
TCP,192.168.100.20,192.168.100.10,55754,22,102,1771716431.368204,64,normal
TCP,192.168.100.10,192.168.100.20,22,55754,102,1771716431.368325,64,normal
TCP,192.168.100.20,192.168.100.10,55754,22,102,1771716431.39155,64,normal
TCP,192.168.100.10,192.168.100.20,22,55754,102,1771716431.391672,64,normal
TCP,192.168.100.20,192.168.100.10,55754,22,102,1771716431.412764,64,normal
TCP,192.168.100.10,192.168.100.20,22,55754,102,1771716431.41291,64,normal
TCP,192.168.100.20,192.168.100.10,55754,22,102,1771716431.441543,64,normal
TCP,192.168.100.10,192.168.100.20,22,55754,102,1771716431.441661,64,normal
TCP,192.168.100.20,192.168.100.10,55754,22,102,1771716431.468939,64,normal
TCP,192.168.100.10,192.168.100.20,22,55754,102,1771716431.469082,64,normal
TCP,192.168.100.20,192.168.100.10,55754,22,102,1771716431.501953,64,normal
TCP,192.168.100.10,192.168.100.20,22,55754,102,1771716431.502074,64,normal
TCP,192.168.100.20,192.168.100.10,55754,22,102,1771716431.53424,64,normal
TCP,192.168.100.10,192.168.100.20,22,55754,102,1771716431.53439,64,normal
TCP,192.168.100.20,192.168.100.10,55754,22,102,1771716431.556302,64,normal
TCP,192.168.100.10,192.168.100.20,22,55754,102,1771716431.556423,64,normal
TCP,192.168.100.20,192.168.100.10,55754,22,102,1771716431.584656,64,normal
TCP,192.168.100.10,192.168.100.20,22,55754,102,1771716431.584819,64,normal
TCP,192.168.100.20,192.168.100.10,55754,22,102,1771716431.617871,64,normal
TCP,192.168.100.10,192.168.100.20,22,55754,102,1771716431.617958,64,normal
TCP,192.168.100.20,192.168.100.10,55754,22,102,1771716431.639911,64,normal
TCP,192.168.100.10,192.168.100.20,22,55754,102,1771716431.640033,64,normal
TCP,192.168.100.20,192.168.100.10,55754,22,102,1771716431.662165,64,normal
TCP,192.168.100.10,192.168.100.20,22,55754,102,1771716431.662284,64,normal
TCP,192.168.100.20,192.168.100.10,55754,22,102,1771716431.68265,64,normal
TCP,192.168.100.10,192.168.100.20,22,55754,102,1771716431.682736,64,normal
TCP,192.168.100.20,192.168.100.10,55754,22,102,1771716431.706643,64,normal
TCP,192.168.100.10,192.168.100.20,22,55754,102,1771716431.706761,64,normal
TCP,192.168.100.20,192.168.100.10,55754,22,102,1771716431.729207,64,normal
TCP,192.168.100.10,192.168.100.20,22,55754,102,1771716431.730008,64,normal
TCP,192.168.100.20,192.168.100.10,55754,22,102,1771716431.755098,64,normal
TCP,192.168.100.10,192.168.100.20,22,55754,102,1771716431.755271,64,normal
TCP,192.168.100.20,192.168.100.10,55754,22,102,1771716431.775526,64,normal
TCP,192.168.100.10,192.168.100.20,22,55754,102,1771716431.775781,64,normal
TCP,192.168.100.20,192.168.100.10,55754,22,102,1771716431.804016,64,normal
TCP,192.168.100.10,192.168.100.20,22,55754,102,1771716431.804213,64,normal
TCP,192.168.100.20,192.168.100.10,55754,22,102,1771716431.842369,64,normal
TCP,192.168.100.10,192.168.100.20,22,55754,102,1771716431.842527,64,normal
TCP,192.168.100.20,192.168.100.10,55754,22,102,1771716431.864623,64,normal
TCP,192.168.100.10,192.168.100.20,22,55754,102,1771716431.8648,64,normal
TCP,192.168.100.20,192.168.100.10,55754,22,102,1771716431.894425,64,normal
TCP,192.168.100.10,192.168.100.20,22,55754,102,1771716431.894626,64,normal
TCP,192.168.100.20,192.168.100.10,55754,22,102,1771716431.920016,64,normal
TCP,192.168.100.10,192.168.100.20,22,55754,102,1771716431.920204,64,normal
TCP,192.168.100.20,192.168.100.10,55754,22,102,1771716431.941158,64,normal
TCP,192.168.100.10,192.168.100.20,22,55754,102,1771716431.941335,64,normal
TCP,192.168.100.20,192.168.100.10,55754,22,66,1771716432.007747,64,normal
TCP,192.168.100.20,192.168.100.10,55754,22,102,1771716432.007748,64,normal
TCP,192.168.100.10,192.168.100.20,22,55754,102,1771716432.007929,64,normal
TCP,192.168.100.20,192.168.100.10,55754,22,66,1771716432.00834,64,normal
TCP,192.168.100.20,192.168.100.10,55754,22,102,1771716432.132291,64,normal
TCP,192.168.100.10,192.168.100.20,22,55754,102,1771716432.132451,64,normal
TCP,192.168.100.20,192.168.100.10,55754,22,66,1771716432.132808,64,normal
TCP,192.168.100.20,192.168.100.10,55754,22,102,1771716432.244438,64,normal
TCP,192.168.100.10,192.168.100.20,22,55754,102,1771716432.244612,64,normal
TCP,192.168.100.20,192.168.100.10,55754,22,66,1771716432.245087,64,normal
TCP,192.168.100.20,192.168.100.10,55754,22,102,1771716432.419921,64,normal
TCP,192.168.100.10,192.168.100.20,22,55754,102,1771716432.420064,64,normal
TCP,192.168.100.20,192.168.100.10,55754,22,66,1771716432.420436,64,normal
TCP,192.168.100.20,192.168.100.10,55754,22,102,1771716435.422216,64,normal
TCP,192.168.100.10,192.168.100.20,22,55754,102,1771716435.422551,64,normal
TCP,192.168.100.20,192.168.100.10,55754,22,66,1771716435.422846,64,normal
TCP,192.168.100.20,192.168.100.10,55754,22,102,1771716435.521884,64,normal
TCP,192.168.100.10,192.168.100.20,22,55754,102,1771716435.52203,64,normal
TCP,192.168.100.20,192.168.100.10,55754,22,66,1771716435.522293,64,normal
TCP,192.168.100.20,192.168.100.10,55754,22,102,1771716435.65289,64,normal
TCP,192.168.100.10,192.168.100.20,22,55754,102,1771716435.65366,64,normal
TCP,192.168.100.20,192.168.100.10,55754,22,66,1771716435.653992,64,normal
TCP,192.168.100.20,192.168.100.10,55754,22,102,1771716435.730483,64,normal
TCP,192.168.100.10,192.168.100.20,22,55754,102,1771716435.730797,64,normal
TCP,192.168.100.20,192.168.100.10,55754,22,66,1771716435.731035,64,normal
TCP,192.168.100.20,192.168.100.10,55754,22,102,1771716435.78571,64,normal
TCP,192.168.100.10,192.168.100.20,22,55754,102,1771716435.786043,64,normal
TCP,192.168.100.20,192.168.100.10,55754,22,66,1771716435.786356,64,normal
TCP,192.168.100.20,192.168.100.10,55754,22,102,1771716435.831112,64,normal
TCP,192.168.100.10,192.168.100.20,22,55754,102,1771716435.831252,64,normal
TCP,192.168.100.20,192.168.100.10,55754,22,66,1771716435.831554,64,normal
TCP,192.168.100.20,192.168.100.10,55754,22,102,1771716435.872275,64,normal
TCP,192.168.100.10,192.168.100.20,22,55754,102,1771716435.872434,64,normal
TCP,192.168.100.20,192.168.100.10,55754,22,66,1771716435.872821,64,normal
TCP,192.168.100.20,192.168.100.10,55754,22,102,1771716435.893435,64,normal
TCP,192.168.100.10,192.168.100.20,22,55754,102,1771716435.893628,64,normal
TCP,192.168.100.20,192.168.100.10,55754,22,66,1771716436.04063,64,normal
TCP,192.168.100.20,192.168.100.10,55754,22,102,1771716436.040631,64,normal
TCP,192.168.100.10,192.168.100.20,22,55754,102,1771716436.040845,64,normal
TCP,192.168.100.20,192.168.100.10,55754,22,66,1771716436.041142,64,normal
TCP,192.168.100.20,192.168.100.10,55754,22,102,1771716436.177596,64,normal
TCP,192.168.100.10,192.168.100.20,22,55754,102,1771716436.177766,64,normal
TCP,192.168.100.20,192.168.100.10,55754,22,66,1771716436.178076,64,normal
TCP,192.168.100.20,192.168.100.10,55754,22,102,1771716436.294818,64,normal
TCP,192.168.100.10,192.168.100.20,22,55754,102,1771716436.295075,64,normal
TCP,192.168.100.20,192.168.100.10,55754,22,66,1771716436.295413,64,normal
TCP,192.168.100.20,192.168.100.10,55754,22,102,1771716436.405379,64,normal
TCP,192.168.100.10,192.168.100.20,22,55754,102,1771716436.405561,64,normal
TCP,192.168.100.20,192.168.100.10,55754,22,66,1771716436.405856,64,normal
TCP,192.168.100.20,192.168.100.10,55754,22,102,1771716436.431076,64,normal
TCP,192.168.100.10,192.168.100.20,22,55754,102,1771716436.431248,64,normal
TCP,192.168.100.20,192.168.100.10,55754,22,102,1771716436.458349,64,normal
TCP,192.168.100.10,192.168.100.20,22,55754,102,1771716436.458538,64,normal
TCP,192.168.100.20,192.168.100.10,55754,22,102,1771716436.486528,64,normal
TCP,192.168.100.10,192.168.100.20,22,55754,102,1771716436.486784,64,normal
TCP,192.168.100.20,192.168.100.10,55754,22,102,1771716436.513606,64,normal
TCP,192.168.100.10,192.168.100.20,22,55754,102,1771716436.513813,64,normal
TCP,192.168.100.20,192.168.100.10,55754,22,102,1771716436.544021,64,normal
TCP,192.168.100.10,192.168.100.20,22,55754,102,1771716436.544221,64,normal
TCP,192.168.100.20,192.168.100.10,55754,22,102,1771716436.564628,64,normal
TCP,192.168.100.10,192.168.100.20,22,55754,102,1771716436.564795,64,normal
TCP,192.168.100.20,192.168.100.10,55754,22,102,1771716436.586674,64,normal
TCP,192.168.100.10,192.168.100.20,22,55754,102,1771716436.586825,64,normal
TCP,192.168.100.20,192.168.100.10,55754,22,102,1771716436.61403,64,normal
TCP,192.168.100.10,192.168.100.20,22,55754,102,1771716436.614204,64,normal
TCP,192.168.100.20,192.168.100.10,55754,22,102,1771716436.641742,64,normal
TCP,192.168.100.10,192.168.100.20,22,55754,102,1771716436.641928,64,normal
TCP,192.168.100.20,192.168.100.10,55754,22,102,1771716436.666584,64,normal
TCP,192.168.100.10,192.168.100.20,22,55754,102,1771716436.666809,64,normal
TCP,192.168.100.20,192.168.100.10,55754,22,102,1771716436.694462,64,normal
TCP,192.168.100.10,192.168.100.20,22,55754,102,1771716436.694777,64,normal
TCP,192.168.100.20,192.168.100.10,55754,22,102,1771716436.720961,64,normal
TCP,192.168.100.10,192.168.100.20,22,55754,102,1771716436.721151,64,normal
TCP,192.168.100.20,192.168.100.10,55754,22,102,1771716436.741216,64,normal
TCP,192.168.100.10,192.168.100.20,22,55754,102,1771716436.741423,64,normal
TCP,192.168.100.20,192.168.100.10,55754,22,102,1771716436.76739,64,normal
TCP,192.168.100.10,192.168.100.20,22,55754,102,1771716436.767581,64,normal
TCP,192.168.100.20,192.168.100.10,55754,22,102,1771716436.787515,64,normal
TCP,192.168.100.10,192.168.100.20,22,55754,102,1771716436.787776,64,normal
TCP,192.168.100.20,192.168.100.10,55754,22,102,1771716436.812707,64,normal
TCP,192.168.100.10,192.168.100.20,22,55754,102,1771716436.812865,64,normal
TCP,192.168.100.20,192.168.100.10,55754,22,102,1771716436.849518,64,normal
TCP,192.168.100.10,192.168.100.20,22,55754,102,1771716436.849691,64,normal
TCP,192.168.100.20,192.168.100.10,55754,22,102,1771716436.876958,64,normal
TCP,192.168.100.10,192.168.100.20,22,55754,102,1771716436.87712,64,normal
TCP,192.168.100.20,192.168.100.10,55754,22,102,1771716436.898015,64,normal
TCP,192.168.100.10,192.168.100.20,22,55754,102,1771716436.898286,64,normal
TCP,192.168.100.20,192.168.100.10,55754,22,102,1771716436.919188,64,normal
TCP,192.168.100.10,192.168.100.20,22,55754,102,1771716436.91936,64,normal
TCP,192.168.100.20,192.168.100.10,55754,22,102,1771716436.948245,64,normal
TCP,192.168.100.10,192.168.100.20,22,55754,102,1771716436.948439,64,normal
TCP,192.168.100.20,192.168.100.10,55754,22,102,1771716436.971764,64,normal
TCP,192.168.100.10,192.168.100.20,22,55754,102,1771716436.971985,64,normal
TCP,192.168.100.20,192.168.100.10,55754,22,102,1771716436.995089,64,normal
TCP,192.168.100.10,192.168.100.20,22,55754,102,1771716436.99544,64,normal
TCP,192.168.100.20,192.168.100.10,55754,22,102,1771716437.015259,64,normal
TCP,192.168.100.10,192.168.100.20,22,55754,102,1771716437.015446,64,normal
TCP,192.168.100.20,192.168.100.10,55754,22,102,1771716437.036437,64,normal
TCP,192.168.100.10,192.168.100.20,22,55754,102,1771716437.036626,64,normal
TCP,192.168.100.20,192.168.100.10,55754,22,102,1771716437.058973,64,normal
TCP,192.168.100.10,192.168.100.20,22,55754,102,1771716437.05913,64,normal
TCP,192.168.100.20,192.168.100.10,55754,22,102,1771716437.07971,64,normal
TCP,192.168.100.10,192.168.100.20,22,55754,102,1771716437.079838,64,normal
TCP,192.168.100.20,192.168.100.10,55754,22,102,1771716437.108956,64,normal
TCP,192.168.100.10,192.168.100.20,22,55754,102,1771716437.109155,64,normal
TCP,192.168.100.20,192.168.100.10,55754,22,102,1771716437.129371,64,normal
TCP,192.168.100.10,192.168.100.20,22,55754,102,1771716437.129561,64,normal
TCP,192.168.100.20,192.168.100.10,55754,22,102,1771716437.151289,64,normal
TCP,192.168.100.10,192.168.100.20,22,55754,102,1771716437.151478,64,normal
TCP,192.168.100.20,192.168.100.10,55754,22,102,1771716437.171126,64,normal
TCP,192.168.100.10,192.168.100.20,22,55754,102,1771716437.171337,64,normal
TCP,192.168.100.20,192.168.100.10,55754,22,102,1771716437.1934,64,normal
TCP,192.168.100.10,192.168.100.20,22,55754,222,1771716437.193867,64,normal
TCP,192.168.100.20,192.168.100.10,55754,22,102,1771716437.214548,64,normal
TCP,192.168.100.10,192.168.100.20,22,55754,102,1771716437.214799,64,normal
TCP,192.168.100.20,192.168.100.10,55754,22,102,1771716437.243584,64,normal
TCP,192.168.100.10,192.168.100.20,22,55754,102,1771716437.243735,64,normal
TCP,192.168.100.20,192.168.100.10,55754,22,102,1771716437.269592,64,normal
TCP,192.168.100.10,192.168.100.20,22,55754,102,1771716437.269794,64,normal
TCP,192.168.100.20,192.168.100.10,55754,22,102,1771716437.296525,64,normal
TCP,192.168.100.10,192.168.100.20,22,55754,102,1771716437.296792,64,normal
TCP,192.168.100.20,192.168.100.10,55754,22,102,1771716437.317771,64,normal
TCP,192.168.100.10,192.168.100.20,22,55754,102,1771716437.317968,64,normal
TCP,192.168.100.20,192.168.100.10,55754,22,102,1771716437.343994,64,normal
TCP,192.168.100.10,192.168.100.20,22,55754,102,1771716437.34417,64,normal
TCP,192.168.100.20,192.168.100.10,55754,22,102,1771716437.371688,64,normal
TCP,192.168.100.10,192.168.100.20,22,55754,102,1771716437.371886,64,normal
TCP,192.168.100.20,192.168.100.10,55754,22,102,1771716437.399359,64,normal
TCP,192.168.100.10,192.168.100.20,22,55754,102,1771716437.399564,64,normal
TCP,192.168.100.20,192.168.100.10,55754,22,102,1771716437.425965,64,normal
TCP,192.168.100.10,192.168.100.20,22,55754,102,1771716437.426119,64,normal
TCP,192.168.100.20,192.168.100.10,55754,22,102,1771716437.452491,64,normal
TCP,192.168.100.10,192.168.100.20,22,55754,102,1771716437.452764,64,normal
TCP,192.168.100.20,192.168.100.10,55754,22,102,1771716437.472947,64,normal
TCP,192.168.100.10,192.168.100.20,22,55754,102,1771716437.473089,64,normal
TCP,192.168.100.20,192.168.100.10,55754,22,102,1771716437.497408,64,normal
TCP,192.168.100.10,192.168.100.20,22,55754,102,1771716437.497614,64,normal
TCP,192.168.100.20,192.168.100.10,55754,22,102,1771716437.52596,64,normal
TCP,192.168.100.10,192.168.100.20,22,55754,102,1771716437.526134,64,normal
TCP,192.168.100.20,192.168.100.10,55754,22,102,1771716437.565553,64,normal
TCP,192.168.100.10,192.168.100.20,22,55754,102,1771716437.565783,64,normal
TCP,192.168.100.20,192.168.100.10,55754,22,66,1771716437.610283,64,normal
TCP,192.168.100.20,192.168.100.10,55754,22,102,1771716437.610283,64,normal
TCP,192.168.100.10,192.168.100.20,22,55754,102,1771716437.610452,64,normal
TCP,192.168.100.20,192.168.100.10,55754,22,66,1771716437.61084,64,normal
TCP,192.168.100.20,192.168.100.10,55754,22,102,1771716437.635008,64,normal
TCP,192.168.100.10,192.168.100.20,22,55754,102,1771716437.635168,64,normal
TCP,192.168.100.20,192.168.100.10,55754,22,102,1771716437.657233,64,normal
TCP,192.168.100.10,192.168.100.20,22,55754,102,1771716437.657426,64,normal
TCP,192.168.100.20,192.168.100.10,55754,22,102,1771716437.6774,64,normal
TCP,192.168.100.10,192.168.100.20,22,55754,102,1771716437.67759,64,normal
TCP,192.168.100.20,192.168.100.10,55754,22,102,1771716437.707889,64,normal
TCP,192.168.100.10,192.168.100.20,22,55754,102,1771716437.708025,64,normal
TCP,192.168.100.20,192.168.100.10,55754,22,102,1771716437.747117,64,normal
TCP,192.168.100.10,192.168.100.20,22,55754,102,1771716437.747334,64,normal
TCP,192.168.100.20,192.168.100.10,55754,22,102,1771716437.783417,64,normal
TCP,192.168.100.10,192.168.100.20,22,55754,102,1771716437.783579,64,normal
TCP,192.168.100.20,192.168.100.10,55754,22,102,1771716437.818262,64,normal
TCP,192.168.100.10,192.168.100.20,22,55754,102,1771716437.818375,64,normal
TCP,192.168.100.20,192.168.100.10,55754,22,102,1771716437.855455,64,normal
TCP,192.168.100.10,192.168.100.20,22,55754,102,1771716437.855643,64,normal
TCP,192.168.100.20,192.168.100.10,55754,22,102,1771716437.882504,64,normal
TCP,192.168.100.10,192.168.100.20,22,55754,102,1771716437.882791,64,normal
TCP,192.168.100.20,192.168.100.10,55754,22,102,1771716437.904494,64,normal
TCP,192.168.100.10,192.168.100.20,22,55754,102,1771716437.904729,64,normal
TCP,192.168.100.20,192.168.100.10,55754,22,102,1771716437.925107,64,normal
TCP,192.168.100.10,192.168.100.20,22,55754,102,1771716437.925278,64,normal
TCP,192.168.100.20,192.168.100.10,55754,22,102,1771716437.945901,64,normal
TCP,192.168.100.10,192.168.100.20,22,55754,102,1771716437.946112,64,normal
TCP,192.168.100.20,192.168.100.10,55754,22,102,1771716437.973082,64,normal
TCP,192.168.100.10,192.168.100.20,22,55754,102,1771716437.973254,64,normal
TCP,192.168.100.20,192.168.100.10,55754,22,102,1771716437.998827,64,normal
TCP,192.168.100.10,192.168.100.20,22,55754,102,1771716437.999045,64,normal
TCP,192.168.100.20,192.168.100.10,55754,22,102,1771716438.023192,64,normal
TCP,192.168.100.10,192.168.100.20,22,55754,102,1771716438.023392,64,normal
TCP,192.168.100.20,192.168.100.10,55754,22,102,1771716438.049505,64,normal
TCP,192.168.100.10,192.168.100.20,22,55754,102,1771716438.049656,64,normal
TCP,192.168.100.20,192.168.100.10,55754,22,102,1771716438.079992,64,normal
TCP,192.168.100.10,192.168.100.20,22,55754,102,1771716438.080189,64,normal
TCP,192.168.100.20,192.168.100.10,55754,22,102,1771716438.111738,64,normal
TCP,192.168.100.10,192.168.100.20,22,55754,102,1771716438.111906,64,normal
TCP,192.168.100.20,192.168.100.10,55754,22,102,1771716438.139671,64,normal
TCP,192.168.100.10,192.168.100.20,22,55754,102,1771716438.139854,64,normal
TCP,192.168.100.20,192.168.100.10,55754,22,102,1771716438.166998,64,normal
TCP,192.168.100.10,192.168.100.20,22,55754,102,1771716438.16717,64,normal
TCP,192.168.100.20,192.168.100.10,55754,22,102,1771716438.18879,64,normal
TCP,192.168.100.10,192.168.100.20,22,55754,102,1771716438.188968,64,normal
TCP,192.168.100.20,192.168.100.10,55754,22,102,1771716438.210008,64,normal
TCP,192.168.100.10,192.168.100.20,22,55754,102,1771716438.210171,64,normal
TCP,192.168.100.20,192.168.100.10,55754,22,102,1771716438.230398,64,normal
TCP,192.168.100.10,192.168.100.20,22,55754,102,1771716438.230584,64,normal
TCP,192.168.100.20,192.168.100.10,55754,22,102,1771716438.262339,64,normal
TCP,192.168.100.10,192.168.100.20,22,55754,102,1771716438.262555,64,normal
TCP,192.168.100.20,192.168.100.10,55754,22,102,1771716438.298518,64,normal
TCP,192.168.100.10,192.168.100.20,22,55754,102,1771716438.298682,64,normal
TCP,192.168.100.20,192.168.100.10,55754,22,102,1771716438.324904,64,normal
TCP,192.168.100.10,192.168.100.20,22,55754,102,1771716438.325095,64,normal
TCP,192.168.100.20,192.168.100.10,55754,22,102,1771716438.352186,64,normal
TCP,192.168.100.10,192.168.100.20,22,55754,102,1771716438.352373,64,normal
TCP,192.168.100.20,192.168.100.10,55754,22,102,1771716438.379696,64,normal
TCP,192.168.100.10,192.168.100.20,22,55754,102,1771716438.379868,64,normal
TCP,192.168.100.20,192.168.100.10,55754,22,102,1771716438.406027,64,normal
TCP,192.168.100.10,192.168.100.20,22,55754,102,1771716438.406214,64,normal
TCP,192.168.100.20,192.168.100.10,55754,22,102,1771716438.433675,64,normal
TCP,192.168.100.10,192.168.100.20,22,55754,102,1771716438.433848,64,normal
TCP,192.168.100.20,192.168.100.10,55754,22,102,1771716438.473604,64,normal
TCP,192.168.100.10,192.168.100.20,22,55754,102,1771716438.473805,64,normal
TCP,192.168.100.20,192.168.100.10,55754,22,102,1771716438.50111,64,normal
TCP,192.168.100.10,192.168.100.20,22,55754,102,1771716438.501317,64,normal
TCP,192.168.100.20,192.168.100.10,55754,22,102,1771716438.527034,64,normal
TCP,192.168.100.10,192.168.100.20,22,55754,102,1771716438.527192,64,normal
TCP,192.168.100.20,192.168.100.10,55754,22,102,1771716438.566286,64,normal
TCP,192.168.100.10,192.168.100.20,22,55754,102,1771716438.566447,64,normal
TCP,192.168.100.20,192.168.100.10,55754,22,102,1771716438.6092,64,normal
TCP,192.168.100.10,192.168.100.20,22,55754,102,1771716438.609337,64,normal
TCP,192.168.100.20,192.168.100.10,55754,22,66,1771716438.661073,64,normal
TCP,192.168.100.20,192.168.100.10,55754,22,102,1771716438.661073,64,normal
TCP,192.168.100.10,192.168.100.20,22,55754,102,1771716438.661228,64,normal
TCP,192.168.100.20,192.168.100.10,55754,22,66,1771716438.661527,64,normal
TCP,192.168.100.20,192.168.100.10,55754,22,102,1771716438.686636,64,normal
TCP,192.168.100.10,192.168.100.20,22,55754,102,1771716438.686813,64,normal
TCP,192.168.100.20,192.168.100.10,55754,22,102,1771716438.723894,64,normal
TCP,192.168.100.10,192.168.100.20,22,55754,102,1771716438.724091,64,normal
TCP,192.168.100.20,192.168.100.10,55754,22,66,1771716438.787502,64,normal
TCP,192.168.100.20,192.168.100.10,55754,22,102,1771716438.787503,64,normal
TCP,192.168.100.10,192.168.100.20,22,55754,102,1771716438.787666,64,normal
TCP,192.168.100.20,192.168.100.10,55754,22,66,1771716438.788042,64,normal
TCP,192.168.100.20,192.168.100.10,55754,22,102,1771716438.890788,64,normal
TCP,192.168.100.10,192.168.100.20,22,55754,102,1771716438.890992,64,normal
TCP,192.168.100.20,192.168.100.10,55754,22,66,1771716438.891431,64,normal
TCP,192.168.100.20,192.168.100.10,55754,22,102,1771716438.951371,64,normal
TCP,192.168.100.10,192.168.100.20,22,55754,102,1771716438.951519,64,normal
TCP,192.168.100.20,192.168.100.10,55754,22,66,1771716438.951901,64,normal
TCP,192.168.100.20,192.168.100.10,55754,22,102,1771716439.0871,64,normal
TCP,192.168.100.10,192.168.100.20,22,55754,102,1771716439.087274,64,normal
TCP,192.168.100.20,192.168.100.10,55754,22,66,1771716439.087622,64,normal
TCP,192.168.100.20,192.168.100.10,55754,22,102,1771716439.201827,64,normal
TCP,192.168.100.10,192.168.100.20,22,55754,102,1771716439.202001,64,normal
TCP,192.168.100.20,192.168.100.10,55754,22,66,1771716439.202308,64,normal
TCP,192.168.100.20,192.168.100.10,55754,22,102,1771716439.223316,64,normal
TCP,192.168.100.10,192.168.100.20,22,55754,102,1771716439.223521,64,normal
TCP,192.168.100.20,192.168.100.10,55754,22,66,1771716439.360711,64,normal
TCP,192.168.100.20,192.168.100.10,55754,22,102,1771716439.360711,64,normal
TCP,192.168.100.10,192.168.100.20,22,55754,102,1771716439.360896,64,normal
TCP,192.168.100.20,192.168.100.10,55754,22,66,1771716439.361336,64,normal
TCP,192.168.100.20,192.168.100.10,55754,22,102,1771716439.514754,64,normal
TCP,192.168.100.10,192.168.100.20,22,55754,102,1771716439.514938,64,normal
TCP,192.168.100.20,192.168.100.10,55754,22,66,1771716439.515305,64,normal
TCP,192.168.100.20,192.168.100.10,55754,22,102,1771716440.113855,64,normal
TCP,192.168.100.10,192.168.100.20,22,55754,102,1771716440.11421,64,normal
TCP,192.168.100.20,192.168.100.10,55754,22,66,1771716440.1145,64,normal
TCP,192.168.100.20,192.168.100.10,55754,22,102,1771716440.134089,64,normal
TCP,192.168.100.10,192.168.100.20,22,55754,102,1771716440.134232,64,normal
TCP,192.168.100.20,192.168.100.10,55754,22,102,1771716440.175662,64,normal
TCP,192.168.100.10,192.168.100.20,22,55754,102,1771716440.175812,64,normal
TCP,192.168.100.20,192.168.100.10,55754,22,102,1771716440.214847,64,normal
TCP,192.168.100.10,192.168.100.20,22,55754,102,1771716440.214994,64,normal
TCP,192.168.100.20,192.168.100.10,55754,22,102,1771716440.234934,64,normal
TCP,192.168.100.10,192.168.100.20,22,55754,102,1771716440.235098,64,normal
TCP,192.168.100.20,192.168.100.10,55754,22,102,1771716440.255732,64,normal
TCP,192.168.100.10,192.168.100.20,22,55754,102,1771716440.255904,64,normal
TCP,192.168.100.20,192.168.100.10,55754,22,66,1771716440.372333,64,normal
TCP,192.168.100.20,192.168.100.10,55754,22,102,1771716440.372333,64,normal
TCP,192.168.100.10,192.168.100.20,22,55754,102,1771716440.373184,64,normal
TCP,192.168.100.20,192.168.100.10,55754,22,66,1771716440.373531,64,normal
TCP,192.168.100.20,192.168.100.10,55754,22,102,1771716440.476679,64,normal
TCP,192.168.100.10,192.168.100.20,22,55754,102,1771716440.476991,64,normal
TCP,192.168.100.20,192.168.100.10,55754,22,66,1771716440.47726,64,normal
TCP,192.168.100.20,192.168.100.10,55754,22,102,1771716440.497033,64,normal
TCP,192.168.100.10,192.168.100.20,22,55754,102,1771716440.49723,64,normal
TCP,192.168.100.20,192.168.100.10,55754,22,102,1771716440.530538,64,normal
TCP,192.168.100.10,192.168.100.20,22,55754,102,1771716440.530709,64,normal
TCP,192.168.100.20,192.168.100.10,55754,22,102,1771716440.55876,64,normal
TCP,192.168.100.10,192.168.100.20,22,55754,102,1771716440.558885,64,normal
TCP,192.168.100.20,192.168.100.10,55754,22,102,1771716440.579017,64,normal
TCP,192.168.100.10,192.168.100.20,22,55754,102,1771716440.579239,64,normal
TCP,192.168.100.20,192.168.100.10,55754,22,102,1771716440.607742,64,normal
TCP,192.168.100.10,192.168.100.20,22,55754,102,1771716440.607959,64,normal
TCP,192.168.100.20,192.168.100.10,55754,22,102,1771716440.633379,64,normal
TCP,192.168.100.10,192.168.100.20,22,55754,102,1771716440.633584,64,normal
TCP,192.168.100.20,192.168.100.10,55754,22,66,1771716440.690576,64,normal
TCP,192.168.100.20,192.168.100.10,55754,22,102,1771716440.690576,64,normal
TCP,192.168.100.10,192.168.100.20,22,55754,102,1771716440.690803,64,normal
TCP,192.168.100.20,192.168.100.10,55754,22,66,1771716440.691181,64,normal
TCP,192.168.100.20,192.168.100.10,55754,22,102,1771716440.729056,64,normal
TCP,192.168.100.10,192.168.100.20,22,55754,102,1771716440.729392,64,normal
TCP,192.168.100.20,192.168.100.10,55754,22,66,1771716440.780135,64,normal
TCP,192.168.100.20,192.168.100.10,55754,22,102,1771716440.780308,64,normal
TCP,192.168.100.10,192.168.100.20,22,55754,102,1771716440.78045,64,normal
TCP,192.168.100.20,192.168.100.10,55754,22,66,1771716440.78088,64,normal
TCP,192.168.100.20,192.168.100.10,55754,22,102,1771716440.821668,64,normal
TCP,192.168.100.10,192.168.100.20,22,55754,102,1771716440.821825,64,normal
TCP,192.168.100.20,192.168.100.10,55754,22,66,1771716440.822311,64,normal
TCP,192.168.100.20,192.168.100.10,55754,22,102,1771716440.842655,64,normal
TCP,192.168.100.10,192.168.100.20,22,55754,102,1771716440.842816,64,normal
TCP,192.168.100.20,192.168.100.10,55754,22,102,1771716440.863854,64,normal
TCP,192.168.100.10,192.168.100.20,22,55754,102,1771716440.864045,64,normal
TCP,192.168.100.20,192.168.100.10,55754,22,102,1771716440.884961,64,normal
TCP,192.168.100.10,192.168.100.20,22,55754,102,1771716440.88515,64,normal
TCP,192.168.100.20,192.168.100.10,55754,22,102,1771716440.906655,64,normal
TCP,192.168.100.10,192.168.100.20,22,55754,102,1771716440.906832,64,normal
TCP,192.168.100.20,192.168.100.10,55754,22,102,1771716440.934706,64,normal
TCP,192.168.100.10,192.168.100.20,22,55754,102,1771716440.934889,64,normal
TCP,192.168.100.20,192.168.100.10,55754,22,102,1771716440.958915,64,normal
TCP,192.168.100.10,192.168.100.20,22,55754,102,1771716440.959075,64,normal
TCP,192.168.100.20,192.168.100.10,55754,22,102,1771716440.979153,64,normal
TCP,192.168.100.10,192.168.100.20,22,55754,102,1771716440.979389,64,normal
TCP,192.168.100.20,192.168.100.10,55754,22,102,1771716440.999083,64,normal
TCP,192.168.100.10,192.168.100.20,22,55754,102,1771716440.999241,64,normal
TCP,192.168.100.20,192.168.100.10,55754,22,102,1771716441.018599,64,normal
TCP,192.168.100.10,192.168.100.20,22,55754,102,1771716441.01896,64,normal
TCP,192.168.100.20,192.168.100.10,55754,22,102,1771716441.039187,64,normal
TCP,192.168.100.10,192.168.100.20,22,55754,102,1771716441.039356,64,normal
TCP,192.168.100.20,192.168.100.10,55754,22,102,1771716441.060683,64,normal
TCP,192.168.100.10,192.168.100.20,22,55754,102,1771716441.060858,64,normal
TCP,192.168.100.20,192.168.100.10,55754,22,102,1771716441.087556,64,normal
TCP,192.168.100.10,192.168.100.20,22,55754,102,1771716441.087784,64,normal
TCP,192.168.100.20,192.168.100.10,55754,22,102,1771716441.115425,64,normal
TCP,192.168.100.10,192.168.100.20,22,55754,102,1771716441.115634,64,normal
TCP,192.168.100.20,192.168.100.10,55754,22,102,1771716441.13728,64,normal
TCP,192.168.100.10,192.168.100.20,22,55754,102,1771716441.13766,64,normal
TCP,192.168.100.20,192.168.100.10,55754,22,102,1771716441.157335,64,normal
TCP,192.168.100.10,192.168.100.20,22,55754,102,1771716441.157524,64,normal
TCP,192.168.100.20,192.168.100.10,55754,22,102,1771716441.190361,64,normal
TCP,192.168.100.10,192.168.100.20,22,55754,102,1771716441.190489,64,normal
TCP,192.168.100.20,192.168.100.10,55754,22,102,1771716441.211045,64,normal
TCP,192.168.100.10,192.168.100.20,22,55754,102,1771716441.211167,64,normal
TCP,192.168.100.20,192.168.100.10,55754,22,102,1771716441.230684,64,normal
TCP,192.168.100.10,192.168.100.20,22,55754,102,1771716441.230833,64,normal
TCP,192.168.100.20,192.168.100.10,55754,22,102,1771716441.2505,64,normal
TCP,192.168.100.10,192.168.100.20,22,55754,102,1771716441.25134,64,normal
TCP,192.168.100.20,192.168.100.10,55754,22,102,1771716441.278155,64,normal
TCP,192.168.100.10,192.168.100.20,22,55754,102,1771716441.278241,64,normal
TCP,192.168.100.20,192.168.100.10,55754,22,102,1771716441.306993,64,normal
TCP,192.168.100.10,192.168.100.20,22,55754,102,1771716441.307115,64,normal
TCP,192.168.100.20,192.168.100.10,55754,22,102,1771716441.33084,64,normal
TCP,192.168.100.10,192.168.100.20,22,55754,102,1771716441.330962,64,normal
TCP,192.168.100.20,192.168.100.10,55754,22,102,1771716441.35911,64,normal
TCP,192.168.100.10,192.168.100.20,22,55754,102,1771716441.359229,64,normal
TCP,192.168.100.20,192.168.100.10,55754,22,102,1771716441.382803,64,normal
TCP,192.168.100.10,192.168.100.20,22,55754,102,1771716441.382922,64,normal
TCP,192.168.100.20,192.168.100.10,55754,22,102,1771716441.407635,64,normal
TCP,192.168.100.10,192.168.100.20,22,55754,102,1771716441.407753,64,normal
TCP,192.168.100.20,192.168.100.10,55754,22,102,1771716441.44346,64,normal
TCP,192.168.100.10,192.168.100.20,22,55754,102,1771716441.44358,64,normal
TCP,192.168.100.20,192.168.100.10,55754,22,102,1771716441.46647,64,normal
TCP,192.168.100.10,192.168.100.20,22,55754,102,1771716441.467307,64,normal
TCP,192.168.100.20,192.168.100.10,55754,22,102,1771716441.499484,64,normal
TCP,192.168.100.10,192.168.100.20,22,55754,102,1771716441.499601,64,normal
TCP,192.168.100.20,192.168.100.10,55754,22,102,1771716441.519863,64,normal
TCP,192.168.100.10,192.168.100.20,22,55754,102,1771716441.520073,64,normal
TCP,192.168.100.20,192.168.100.10,55754,22,102,1771716441.539956,64,normal
TCP,192.168.100.10,192.168.100.20,22,55754,102,1771716441.54004,64,normal
TCP,192.168.100.20,192.168.100.10,55754,22,102,1771716441.561947,64,normal
TCP,192.168.100.10,192.168.100.20,22,55754,102,1771716441.562045,64,normal
TCP,192.168.100.20,192.168.100.10,55754,22,102,1771716441.582265,64,normal
TCP,192.168.100.10,192.168.100.20,22,55754,102,1771716441.582389,64,normal
TCP,192.168.100.20,192.168.100.10,55754,22,102,1771716441.618687,64,normal
TCP,192.168.100.10,192.168.100.20,22,55754,102,1771716441.618824,64,normal
TCP,192.168.100.20,192.168.100.10,55754,22,102,1771716441.638297,64,normal
TCP,192.168.100.10,192.168.100.20,22,55754,102,1771716441.638438,64,normal
TCP,192.168.100.20,192.168.100.10,55754,22,102,1771716441.661333,64,normal
TCP,192.168.100.10,192.168.100.20,22,55754,102,1771716441.661454,64,normal
TCP,192.168.100.20,192.168.100.10,55754,22,102,1771716441.687558,64,normal
TCP,192.168.100.10,192.168.100.20,22,55754,102,1771716441.688394,64,normal
TCP,192.168.100.20,192.168.100.10,55754,22,102,1771716441.714135,64,normal
TCP,192.168.100.10,192.168.100.20,22,55754,102,1771716441.714309,64,normal
TCP,192.168.100.20,192.168.100.10,55754,22,102,1771716441.744266,64,normal
TCP,192.168.100.10,192.168.100.20,22,55754,102,1771716441.744406,64,normal
TCP,192.168.100.20,192.168.100.10,55754,22,102,1771716441.764813,64,normal
TCP,192.168.100.10,192.168.100.20,22,55754,102,1771716441.764954,64,normal
TCP,192.168.100.20,192.168.100.10,55754,22,102,1771716441.787504,64,normal
TCP,192.168.100.10,192.168.100.20,22,55754,102,1771716441.787718,64,normal
TCP,192.168.100.20,192.168.100.10,55754,22,102,1771716441.818324,64,normal
TCP,192.168.100.10,192.168.100.20,22,55754,102,1771716441.818522,64,normal
TCP,192.168.100.20,192.168.100.10,55754,22,102,1771716441.839921,64,normal
TCP,192.168.100.10,192.168.100.20,22,55754,102,1771716441.840092,64,normal
TCP,192.168.100.20,192.168.100.10,55754,22,102,1771716441.866813,64,normal
TCP,192.168.100.10,192.168.100.20,22,55754,102,1771716441.866978,64,normal
TCP,192.168.100.20,192.168.100.10,55754,22,102,1771716441.886558,64,normal
TCP,192.168.100.10,192.168.100.20,22,55754,102,1771716441.886821,64,normal
TCP,192.168.100.20,192.168.100.10,55754,22,102,1771716441.908428,64,normal
TCP,192.168.100.10,192.168.100.20,22,55754,102,1771716441.908687,64,normal
TCP,192.168.100.20,192.168.100.10,55754,22,102,1771716441.933728,64,normal
TCP,192.168.100.10,192.168.100.20,22,55754,102,1771716441.933905,64,normal
TCP,192.168.100.20,192.168.100.10,55754,22,102,1771716441.965264,64,normal
TCP,192.168.100.10,192.168.100.20,22,55754,102,1771716441.965421,64,normal
TCP,192.168.100.20,192.168.100.10,55754,22,102,1771716441.986374,64,normal
TCP,192.168.100.10,192.168.100.20,22,55754,102,1771716441.986588,64,normal
TCP,192.168.100.20,192.168.100.10,55754,22,102,1771716442.009812,64,normal
TCP,192.168.100.10,192.168.100.20,22,55754,102,1771716442.010006,64,normal
TCP,192.168.100.20,192.168.100.10,55754,22,102,1771716442.030592,64,normal
TCP,192.168.100.10,192.168.100.20,22,55754,102,1771716442.030803,64,normal
TCP,192.168.100.20,192.168.100.10,55754,22,102,1771716442.051126,64,normal
TCP,192.168.100.10,192.168.100.20,22,55754,102,1771716442.051301,64,normal
TCP,192.168.100.20,192.168.100.10,55754,22,102,1771716442.072806,64,normal
TCP,192.168.100.10,192.168.100.20,22,55754,102,1771716442.072964,64,normal
TCP,192.168.100.20,192.168.100.10,55754,22,102,1771716442.093779,64,normal
TCP,192.168.100.10,192.168.100.20,22,55754,102,1771716442.093952,64,normal
TCP,192.168.100.20,192.168.100.10,55754,22,102,1771716442.114803,64,normal
TCP,192.168.100.10,192.168.100.20,22,55754,102,1771716442.114953,64,normal
TCP,192.168.100.20,192.168.100.10,55754,22,102,1771716442.141442,64,normal
TCP,192.168.100.10,192.168.100.20,22,55754,102,1771716442.141606,64,normal
TCP,192.168.100.20,192.168.100.10,55754,22,102,1771716442.165716,64,normal
TCP,192.168.100.10,192.168.100.20,22,55754,102,1771716442.165861,64,normal
TCP,192.168.100.20,192.168.100.10,55754,22,102,1771716442.1859,64,normal
TCP,192.168.100.10,192.168.100.20,22,55754,102,1771716442.186082,64,normal
TCP,192.168.100.20,192.168.100.10,55754,22,102,1771716442.218062,64,normal
TCP,192.168.100.10,192.168.100.20,22,55754,102,1771716442.218245,64,normal
TCP,192.168.100.20,192.168.100.10,55754,22,102,1771716442.237715,64,normal
TCP,192.168.100.10,192.168.100.20,22,55754,102,1771716442.237872,64,normal
TCP,192.168.100.20,192.168.100.10,55754,22,102,1771716442.258231,64,normal
TCP,192.168.100.10,192.168.100.20,22,55754,102,1771716442.258422,64,normal
TCP,192.168.100.20,192.168.100.10,55754,22,102,1771716442.28554,64,normal
TCP,192.168.100.10,192.168.100.20,22,55754,102,1771716442.285811,64,normal
TCP,192.168.100.20,192.168.100.10,55754,22,102,1771716442.306562,64,normal
TCP,192.168.100.10,192.168.100.20,22,55754,102,1771716442.306795,64,normal
TCP,192.168.100.20,192.168.100.10,55754,22,102,1771716442.327165,64,normal
TCP,192.168.100.10,192.168.100.20,22,55754,102,1771716442.327397,64,normal
TCP,192.168.100.20,192.168.100.10,55754,22,102,1771716442.351659,64,normal
TCP,192.168.100.10,192.168.100.20,22,55754,102,1771716442.351866,64,normal
TCP,192.168.100.20,192.168.100.10,55754,22,102,1771716442.377888,64,normal
TCP,192.168.100.10,192.168.100.20,22,55754,102,1771716442.378049,64,normal
TCP,192.168.100.20,192.168.100.10,55754,22,102,1771716442.397976,64,normal
TCP,192.168.100.10,192.168.100.20,22,55754,102,1771716442.398161,64,normal
TCP,192.168.100.20,192.168.100.10,55754,22,102,1771716442.42921,64,normal
TCP,192.168.100.10,192.168.100.20,22,55754,102,1771716442.429459,64,normal
TCP,192.168.100.20,192.168.100.10,55754,22,102,1771716442.455964,64,normal
TCP,192.168.100.10,192.168.100.20,22,55754,102,1771716442.456144,64,normal
TCP,192.168.100.20,192.168.100.10,55754,22,102,1771716442.476151,64,normal
TCP,192.168.100.10,192.168.100.20,22,55754,102,1771716442.476349,64,normal
TCP,192.168.100.20,192.168.100.10,55754,22,102,1771716442.49654,64,normal
TCP,192.168.100.10,192.168.100.20,22,55754,102,1771716442.496784,64,normal
TCP,192.168.100.20,192.168.100.10,55754,22,102,1771716442.520702,64,normal
TCP,192.168.100.10,192.168.100.20,22,55754,102,1771716442.520862,64,normal
TCP,192.168.100.20,192.168.100.10,55754,22,102,1771716442.541657,64,normal
TCP,192.168.100.10,192.168.100.20,22,55754,102,1771716442.541919,64,normal
TCP,192.168.100.20,192.168.100.10,55754,22,102,1771716442.569186,64,normal
TCP,192.168.100.10,192.168.100.20,22,55754,102,1771716442.569369,64,normal
TCP,192.168.100.20,192.168.100.10,55754,22,102,1771716442.592015,64,normal
TCP,192.168.100.10,192.168.100.20,22,55754,102,1771716442.592258,64,normal
TCP,192.168.100.20,192.168.100.10,55754,22,102,1771716442.61203,64,normal
TCP,192.168.100.10,192.168.100.20,22,55754,118,1771716442.613123,64,normal
TCP,192.168.100.10,192.168.100.20,22,55754,110,1771716442.617378,64,normal
TCP,192.168.100.10,192.168.100.20,22,55754,190,1771716442.617611,64,normal
TCP,192.168.100.20,192.168.100.10,55754,22,66,1771716442.617903,64,normal
TCP,192.168.100.20,192.168.100.10,55754,22,102,1771716442.631643,64,normal
TCP,192.168.100.10,192.168.100.20,22,55754,102,1771716442.631826,64,normal
TCP,192.168.100.20,192.168.100.10,55754,22,102,1771716442.651243,64,normal
TCP,192.168.100.10,192.168.100.20,22,55754,102,1771716442.651405,64,normal
TCP,192.168.100.20,192.168.100.10,55754,22,102,1771716442.671359,64,normal
TCP,192.168.100.10,192.168.100.20,22,55754,102,1771716442.671558,64,normal
TCP,192.168.100.20,192.168.100.10,55754,22,102,1771716442.697579,64,normal
TCP,192.168.100.10,192.168.100.20,22,55754,102,1771716442.6978,64,normal
TCP,192.168.100.20,192.168.100.10,55754,22,102,1771716442.722635,64,normal
TCP,192.168.100.10,192.168.100.20,22,55754,102,1771716442.722803,64,normal
TCP,192.168.100.20,192.168.100.10,55754,22,102,1771716442.752207,64,normal
TCP,192.168.100.10,192.168.100.20,22,55754,102,1771716442.7524,64,normal
TCP,192.168.100.20,192.168.100.10,55754,22,102,1771716442.771869,64,normal
TCP,192.168.100.10,192.168.100.20,22,55754,102,1771716442.772031,64,normal
TCP,192.168.100.20,192.168.100.10,55754,22,102,1771716442.798613,64,normal
TCP,192.168.100.10,192.168.100.20,22,55754,102,1771716442.798808,64,normal
TCP,192.168.100.20,192.168.100.10,55754,22,102,1771716442.818806,64,normal
TCP,192.168.100.10,192.168.100.20,22,55754,102,1771716442.818965,64,normal
TCP,192.168.100.20,192.168.100.10,55754,22,102,1771716442.83914,64,normal
TCP,192.168.100.10,192.168.100.20,22,55754,102,1771716442.839315,64,normal
TCP,192.168.100.20,192.168.100.10,55754,22,102,1771716442.867898,64,normal
TCP,192.168.100.10,192.168.100.20,22,55754,102,1771716442.868078,64,normal
TCP,192.168.100.20,192.168.100.10,55754,22,102,1771716442.895143,64,normal
TCP,192.168.100.10,192.168.100.20,22,55754,102,1771716442.895371,64,normal
TCP,192.168.100.20,192.168.100.10,55754,22,102,1771716442.919483,64,normal
TCP,192.168.100.10,192.168.100.20,22,55754,102,1771716442.919662,64,normal
TCP,192.168.100.20,192.168.100.10,55754,22,102,1771716442.946177,64,normal
TCP,192.168.100.10,192.168.100.20,22,55754,102,1771716442.946458,64,normal
TCP,192.168.100.20,192.168.100.10,55754,22,102,1771716442.970502,64,normal
TCP,192.168.100.10,192.168.100.20,22,55754,102,1771716442.970732,64,normal
TCP,192.168.100.20,192.168.100.10,55754,22,102,1771716442.998966,64,normal
TCP,192.168.100.10,192.168.100.20,22,55754,102,1771716442.999086,64,normal
TCP,192.168.100.20,192.168.100.10,55754,22,102,1771716443.02112,64,normal
TCP,192.168.100.10,192.168.100.20,22,55754,102,1771716443.02124,64,normal
TCP,192.168.100.20,192.168.100.10,55754,22,102,1771716443.041402,64,normal
TCP,192.168.100.10,192.168.100.20,22,55754,102,1771716443.04156,64,normal
TCP,192.168.100.20,192.168.100.10,55754,22,102,1771716443.067066,64,normal
TCP,192.168.100.10,192.168.100.20,22,55754,102,1771716443.067188,64,normal
TCP,192.168.100.20,192.168.100.10,55754,22,102,1771716443.087357,64,normal
TCP,192.168.100.10,192.168.100.20,22,55754,102,1771716443.08744,64,normal
TCP,192.168.100.20,192.168.100.10,55754,22,102,1771716443.117205,64,normal
TCP,192.168.100.10,192.168.100.20,22,55754,102,1771716443.117326,64,normal
TCP,192.168.100.20,192.168.100.10,55754,22,102,1771716443.137546,64,normal
TCP,192.168.100.10,192.168.100.20,22,55754,102,1771716443.137667,64,normal
TCP,192.168.100.20,192.168.100.10,55754,22,102,1771716443.167919,64,normal
TCP,192.168.100.10,192.168.100.20,22,55754,102,1771716443.168006,64,normal
TCP,192.168.100.20,192.168.100.10,55754,22,102,1771716443.195686,64,normal
TCP,192.168.100.10,192.168.100.20,22,55754,102,1771716443.195865,64,normal
TCP,192.168.100.20,192.168.100.10,55754,22,102,1771716443.214757,64,normal
TCP,192.168.100.10,192.168.100.20,22,55754,102,1771716443.214874,64,normal
TCP,192.168.100.20,192.168.100.10,55754,22,102,1771716443.234384,64,normal
TCP,192.168.100.10,192.168.100.20,22,55754,102,1771716443.234523,64,normal
TCP,192.168.100.20,192.168.100.10,55754,22,102,1771716443.25447,64,normal
TCP,192.168.100.10,192.168.100.20,22,55754,102,1771716443.25469,64,normal
TCP,192.168.100.20,192.168.100.10,55754,22,102,1771716443.274858,64,normal
TCP,192.168.100.10,192.168.100.20,22,55754,102,1771716443.275021,64,normal
TCP,192.168.100.20,192.168.100.10,55754,22,102,1771716443.293885,64,normal
TCP,192.168.100.10,192.168.100.20,22,55754,102,1771716443.294046,64,normal
TCP,192.168.100.20,192.168.100.10,55754,22,102,1771716443.31419,64,normal
TCP,192.168.100.10,192.168.100.20,22,55754,102,1771716443.314364,64,normal
TCP,192.168.100.20,192.168.100.10,55754,22,102,1771716443.343444,64,normal
TCP,192.168.100.10,192.168.100.20,22,55754,102,1771716443.343664,64,normal
TCP,192.168.100.20,192.168.100.10,55754,22,102,1771716443.365474,64,normal
TCP,192.168.100.10,192.168.100.20,22,55754,102,1771716443.365661,64,normal
TCP,192.168.100.20,192.168.100.10,55754,22,102,1771716443.397691,64,normal
TCP,192.168.100.10,192.168.100.20,22,55754,102,1771716443.39786,64,normal
TCP,192.168.100.20,192.168.100.10,55754,22,102,1771716443.418114,64,normal
TCP,192.168.100.10,192.168.100.20,22,55754,102,1771716443.418301,64,normal
TCP,192.168.100.20,192.168.100.10,55754,22,102,1771716443.44757,64,normal
TCP,192.168.100.10,192.168.100.20,22,55754,102,1771716443.447787,64,normal
TCP,192.168.100.20,192.168.100.10,55754,22,102,1771716443.478987,64,normal
TCP,192.168.100.10,192.168.100.20,22,55754,102,1771716443.479241,64,normal
TCP,192.168.100.20,192.168.100.10,55754,22,102,1771716443.506474,64,normal
TCP,192.168.100.10,192.168.100.20,22,55754,102,1771716443.50673,64,normal
TCP,192.168.100.20,192.168.100.10,55754,22,102,1771716443.527667,64,normal
TCP,192.168.100.10,192.168.100.20,22,55754,102,1771716443.527822,64,normal
TCP,192.168.100.20,192.168.100.10,55754,22,102,1771716443.555053,64,normal
TCP,192.168.100.10,192.168.100.20,22,55754,102,1771716443.555222,64,normal
TCP,192.168.100.20,192.168.100.10,55754,22,102,1771716443.588439,64,normal
TCP,192.168.100.10,192.168.100.20,22,55754,102,1771716443.588587,64,normal
TCP,192.168.100.20,192.168.100.10,55754,22,102,1771716443.609246,64,normal
TCP,192.168.100.10,192.168.100.20,22,55754,102,1771716443.609486,64,normal
TCP,192.168.100.20,192.168.100.10,55754,22,102,1771716443.63942,64,normal
TCP,192.168.100.10,192.168.100.20,22,55754,102,1771716443.639619,64,normal
TCP,192.168.100.20,192.168.100.10,55754,22,102,1771716443.658833,64,normal
TCP,192.168.100.10,192.168.100.20,22,55754,102,1771716443.658991,64,normal
TCP,192.168.100.20,192.168.100.10,55754,22,102,1771716443.67923,64,normal
TCP,192.168.100.10,192.168.100.20,22,55754,102,1771716443.67955,64,normal
TCP,192.168.100.20,192.168.100.10,55754,22,66,1771716443.722939,64,normal
TCP,192.168.100.20,192.168.100.10,55754,22,102,1771716443.73417,64,normal
TCP,192.168.100.10,192.168.100.20,22,55754,102,1771716443.734324,64,normal
TCP,192.168.100.20,192.168.100.10,55754,22,66,1771716443.734695,64,normal
TCP,192.168.100.20,192.168.100.10,55754,22,102,1771716443.785593,64,normal
TCP,192.168.100.10,192.168.100.20,22,55754,102,1771716443.7858,64,normal
TCP,192.168.100.20,192.168.100.10,55754,22,66,1771716443.786204,64,normal
TCP,192.168.100.20,192.168.100.10,55754,22,102,1771716443.933092,64,normal
TCP,192.168.100.10,192.168.100.20,22,55754,102,1771716443.933258,64,normal
TCP,192.168.100.20,192.168.100.10,55754,22,66,1771716443.933655,64,normal
TCP,192.168.100.20,192.168.100.10,55754,22,102,1771716444.045055,64,normal
TCP,192.168.100.10,192.168.100.20,22,55754,102,1771716444.045185,64,normal
TCP,192.168.100.20,192.168.100.10,55754,22,66,1771716444.045703,64,normal
TCP,192.168.100.20,192.168.100.10,55754,22,102,1771716444.147292,64,normal
TCP,192.168.100.10,192.168.100.20,22,55754,102,1771716444.147478,64,normal
TCP,192.168.100.20,192.168.100.10,55754,22,66,1771716444.14791,64,normal
TCP,192.168.100.20,192.168.100.10,55754,22,102,1771716444.240968,64,normal
TCP,192.168.100.10,192.168.100.20,22,55754,102,1771716444.241144,64,normal
TCP,192.168.100.20,192.168.100.10,55754,22,66,1771716444.241519,64,normal
TCP,192.168.100.20,192.168.100.10,55754,22,102,1771716444.261725,64,normal
TCP,192.168.100.10,192.168.100.20,22,55754,102,1771716444.261903,64,normal
TCP,192.168.100.20,192.168.100.10,55754,22,66,1771716444.438249,64,normal
TCP,192.168.100.20,192.168.100.10,55754,22,102,1771716444.438342,64,normal
TCP,192.168.100.10,192.168.100.20,22,55754,102,1771716444.438488,64,normal
TCP,192.168.100.20,192.168.100.10,55754,22,66,1771716444.438868,64,normal
TCP,192.168.100.20,192.168.100.10,55754,22,102,1771716444.602865,64,normal
TCP,192.168.100.10,192.168.100.20,22,55754,102,1771716444.603001,64,normal
TCP,192.168.100.20,192.168.100.10,55754,22,66,1771716444.603399,64,normal
TCP,192.168.100.20,192.168.100.10,55754,22,102,1771716444.622803,64,normal
TCP,192.168.100.10,192.168.100.20,22,55754,102,1771716444.622975,64,normal
TCP,192.168.100.20,192.168.100.10,55754,22,102,1771716444.651759,64,normal
TCP,192.168.100.10,192.168.100.20,22,55754,102,1771716444.651914,64,normal
TCP,192.168.100.20,192.168.100.10,55754,22,102,1771716444.671679,64,normal
TCP,192.168.100.10,192.168.100.20,22,55754,102,1771716444.671834,64,normal
TCP,192.168.100.20,192.168.100.10,55754,22,102,1771716444.693413,64,normal
TCP,192.168.100.10,192.168.100.20,22,55754,102,1771716444.693635,64,normal
TCP,192.168.100.20,192.168.100.10,55754,22,102,1771716444.715683,64,normal
TCP,192.168.100.10,192.168.100.20,22,55754,102,1771716444.71585,64,normal
TCP,192.168.100.20,192.168.100.10,55754,22,102,1771716444.750202,64,normal
TCP,192.168.100.10,192.168.100.20,22,55754,102,1771716444.750365,64,normal
TCP,192.168.100.20,192.168.100.10,55754,22,102,1771716444.778253,64,normal
TCP,192.168.100.10,192.168.100.20,22,55754,102,1771716444.778467,64,normal
TCP,192.168.100.20,192.168.100.10,55754,22,102,1771716444.797455,64,normal
TCP,192.168.100.10,192.168.100.20,22,55754,102,1771716444.797679,64,normal
TCP,192.168.100.20,192.168.100.10,55754,22,102,1771716444.832047,64,normal
TCP,192.168.100.10,192.168.100.20,22,55754,102,1771716444.832188,64,normal
TCP,192.168.100.20,192.168.100.10,55754,22,102,1771716444.85317,64,normal
TCP,192.168.100.10,192.168.100.20,22,55754,102,1771716444.85339,64,normal
TCP,192.168.100.20,192.168.100.10,55754,22,102,1771716444.878789,64,normal
TCP,192.168.100.10,192.168.100.20,22,55754,102,1771716444.878974,64,normal
TCP,192.168.100.20,192.168.100.10,55754,22,102,1771716444.905143,64,normal
TCP,192.168.100.10,192.168.100.20,22,55754,102,1771716444.905339,64,normal
TCP,192.168.100.20,192.168.100.10,55754,22,102,1771716444.926082,64,normal
TCP,192.168.100.10,192.168.100.20,22,55754,102,1771716444.926241,64,normal
TCP,192.168.100.20,192.168.100.10,55754,22,102,1771716444.955555,64,normal
TCP,192.168.100.10,192.168.100.20,22,55754,102,1771716444.955911,64,normal
TCP,192.168.100.20,192.168.100.10,55754,22,102,1771716444.982954,64,normal
TCP,192.168.100.10,192.168.100.20,22,55754,102,1771716444.983147,64,normal
TCP,192.168.100.20,192.168.100.10,55754,22,102,1771716445.003357,64,normal
TCP,192.168.100.10,192.168.100.20,22,55754,102,1771716445.00352,64,normal
TCP,192.168.100.20,192.168.100.10,55754,22,102,1771716445.024176,64,normal
TCP,192.168.100.10,192.168.100.20,22,55754,102,1771716445.024352,64,normal
TCP,192.168.100.20,192.168.100.10,55754,22,102,1771716445.046274,64,normal
TCP,192.168.100.10,192.168.100.20,22,55754,102,1771716445.046471,64,normal
TCP,192.168.100.20,192.168.100.10,55754,22,102,1771716445.06745,64,normal
TCP,192.168.100.10,192.168.100.20,22,55754,102,1771716445.067642,64,normal
TCP,192.168.100.20,192.168.100.10,55754,22,102,1771716445.099764,64,normal
TCP,192.168.100.10,192.168.100.20,22,55754,102,1771716445.099925,64,normal
TCP,192.168.100.20,192.168.100.10,55754,22,102,1771716445.119643,64,normal
TCP,192.168.100.10,192.168.100.20,22,55754,102,1771716445.119813,64,normal
TCP,192.168.100.20,192.168.100.10,55754,22,102,1771716445.139228,64,normal
TCP,192.168.100.10,192.168.100.20,22,55754,102,1771716445.139408,64,normal
TCP,192.168.100.20,192.168.100.10,55754,22,102,1771716445.165132,64,normal
TCP,192.168.100.10,192.168.100.20,22,55754,102,1771716445.165295,64,normal
TCP,192.168.100.20,192.168.100.10,55754,22,102,1771716445.18509,64,normal
TCP,192.168.100.10,192.168.100.20,22,55754,102,1771716445.185452,64,normal
TCP,192.168.100.20,192.168.100.10,55754,22,102,1771716445.206896,64,normal
TCP,192.168.100.10,192.168.100.20,22,55754,102,1771716445.207017,64,normal
TCP,192.168.100.20,192.168.100.10,55754,22,102,1771716445.226387,64,normal
TCP,192.168.100.10,192.168.100.20,22,55754,102,1771716445.226578,64,normal
TCP,192.168.100.20,192.168.100.10,55754,22,102,1771716445.245889,64,normal
TCP,192.168.100.10,192.168.100.20,22,55754,102,1771716445.2461,64,normal
TCP,192.168.100.20,192.168.100.10,55754,22,102,1771716445.267055,64,normal
TCP,192.168.100.10,192.168.100.20,22,55754,102,1771716445.26723,64,normal
TCP,192.168.100.20,192.168.100.10,55754,22,102,1771716445.287294,64,normal
TCP,192.168.100.10,192.168.100.20,22,55754,102,1771716445.287467,64,normal
TCP,192.168.100.20,192.168.100.10,55754,22,102,1771716445.309088,64,normal
TCP,192.168.100.10,192.168.100.20,22,55754,102,1771716445.309263,64,normal
TCP,192.168.100.20,192.168.100.10,55754,22,102,1771716445.33333,64,normal
TCP,192.168.100.10,192.168.100.20,22,55754,102,1771716445.333563,64,normal
TCP,192.168.100.20,192.168.100.10,55754,22,102,1771716445.355028,64,normal
TCP,192.168.100.10,192.168.100.20,22,55754,102,1771716445.355208,64,normal
TCP,192.168.100.20,192.168.100.10,55754,22,102,1771716445.37457,64,normal
TCP,192.168.100.10,192.168.100.20,22,55754,102,1771716445.374785,64,normal
TCP,192.168.100.20,192.168.100.10,55754,22,102,1771716445.406675,64,normal
TCP,192.168.100.10,192.168.100.20,22,55754,102,1771716445.406817,64,normal
TCP,192.168.100.20,192.168.100.10,55754,22,102,1771716445.42768,64,normal
TCP,192.168.100.10,192.168.100.20,22,55754,102,1771716445.427861,64,normal
TCP,192.168.100.20,192.168.100.10,55754,22,102,1771716445.457611,64,normal
TCP,192.168.100.10,192.168.100.20,22,55754,102,1771716445.457833,64,normal
TCP,192.168.100.20,192.168.100.10,55754,22,102,1771716445.489203,64,normal
TCP,192.168.100.10,192.168.100.20,22,55754,102,1771716445.489543,64,normal
TCP,192.168.100.20,192.168.100.10,55754,22,102,1771716445.516631,64,normal
TCP,192.168.100.10,192.168.100.20,22,55754,102,1771716445.516806,64,normal
TCP,192.168.100.20,192.168.100.10,55754,22,102,1771716445.545269,64,normal
TCP,192.168.100.10,192.168.100.20,22,55754,102,1771716445.545612,64,normal
TCP,192.168.100.20,192.168.100.10,55754,22,102,1771716445.564627,64,normal
TCP,192.168.100.10,192.168.100.20,22,55754,102,1771716445.564788,64,normal
TCP,192.168.100.20,192.168.100.10,55754,22,102,1771716445.586025,64,normal
TCP,192.168.100.10,192.168.100.20,22,55754,102,1771716445.586183,64,normal
TCP,192.168.100.20,192.168.100.10,55754,22,102,1771716445.608861,64,normal
TCP,192.168.100.10,192.168.100.20,22,55754,102,1771716445.609195,64,normal
TCP,192.168.100.20,192.168.100.10,55754,22,102,1771716445.629947,64,normal
TCP,192.168.100.10,192.168.100.20,22,55754,102,1771716445.630115,64,normal
TCP,192.168.100.20,192.168.100.10,55754,22,102,1771716445.652608,64,normal
TCP,192.168.100.10,192.168.100.20,22,55754,102,1771716445.652788,64,normal
TCP,192.168.100.20,192.168.100.10,55754,22,102,1771716445.673026,64,normal
TCP,192.168.100.10,192.168.100.20,22,55754,102,1771716445.673192,64,normal
TCP,192.168.100.20,192.168.100.10,55754,22,102,1771716445.696469,64,normal
TCP,192.168.100.10,192.168.100.20,22,55754,102,1771716445.696723,64,normal
TCP,192.168.100.20,192.168.100.10,55754,22,102,1771716445.716377,64,normal
TCP,192.168.100.10,192.168.100.20,22,55754,102,1771716445.716572,64,normal
TCP,192.168.100.20,192.168.100.10,55754,22,102,1771716445.738527,64,normal
TCP,192.168.100.10,192.168.100.20,22,55754,102,1771716445.738949,64,normal
TCP,192.168.100.20,192.168.100.10,55754,22,102,1771716445.759219,64,normal
TCP,192.168.100.10,192.168.100.20,22,55754,102,1771716445.759392,64,normal
TCP,192.168.100.20,192.168.100.10,55754,22,102,1771716445.779429,64,normal
TCP,192.168.100.10,192.168.100.20,22,55754,102,1771716445.779812,64,normal
TCP,192.168.100.20,192.168.100.10,55754,22,102,1771716445.807991,64,normal
TCP,192.168.100.10,192.168.100.20,22,55754,102,1771716445.8082,64,normal
TCP,192.168.100.20,192.168.100.10,55754,22,102,1771716445.836826,64,normal
TCP,192.168.100.10,192.168.100.20,22,55754,102,1771716445.836997,64,normal
TCP,192.168.100.20,192.168.100.10,55754,22,102,1771716445.857011,64,normal
TCP,192.168.100.10,192.168.100.20,22,55754,102,1771716445.857178,64,normal
TCP,192.168.100.20,192.168.100.10,55754,22,102,1771716445.883192,64,normal
TCP,192.168.100.10,192.168.100.20,22,55754,102,1771716445.883375,64,normal
TCP,192.168.100.20,192.168.100.10,55754,22,102,1771716445.914621,64,normal
TCP,192.168.100.10,192.168.100.20,22,55754,102,1771716445.914789,64,normal
TCP,192.168.100.20,192.168.100.10,55754,22,102,1771716445.937116,64,normal
TCP,192.168.100.10,192.168.100.20,22,55754,102,1771716445.937375,64,normal
TCP,192.168.100.20,192.168.100.10,55754,22,102,1771716445.965482,64,normal
TCP,192.168.100.10,192.168.100.20,22,55754,102,1771716445.965777,64,normal
TCP,192.168.100.20,192.168.100.10,55754,22,102,1771716445.984871,64,normal
TCP,192.168.100.10,192.168.100.20,22,55754,102,1771716445.98503,64,normal
TCP,192.168.100.20,192.168.100.10,55754,22,102,1771716446.012763,64,normal
TCP,192.168.100.10,192.168.100.20,22,55754,102,1771716446.012944,64,normal
TCP,192.168.100.20,192.168.100.10,55754,22,102,1771716446.043693,64,normal
TCP,192.168.100.10,192.168.100.20,22,55754,102,1771716446.043838,64,normal
TCP,192.168.100.20,192.168.100.10,55754,22,102,1771716446.06458,64,normal
TCP,192.168.100.10,192.168.100.20,22,55754,102,1771716446.064754,64,normal
TCP,192.168.100.20,192.168.100.10,55754,22,102,1771716446.087107,64,normal
TCP,192.168.100.10,192.168.100.20,22,55754,102,1771716446.087278,64,normal
TCP,192.168.100.20,192.168.100.10,55754,22,102,1771716446.114358,64,normal
TCP,192.168.100.10,192.168.100.20,22,55754,102,1771716446.114546,64,normal
TCP,192.168.100.20,192.168.100.10,55754,22,66,1771716446.170126,64,normal
TCP,192.168.100.20,192.168.100.10,55754,22,102,1771716446.170126,64,normal
TCP,192.168.100.10,192.168.100.20,22,55754,126,1771716446.171316,64,normal
TCP,192.168.100.20,192.168.100.10,55754,22,66,1771716446.171707,64,normal
TCP,192.168.100.10,192.168.100.20,22,55754,242,1771716446.177507,64,normal
TCP,192.168.100.20,192.168.100.10,55754,22,66,1771716446.177926,64,normal
TCP,192.168.100.20,192.168.100.10,55754,22,102,1771716446.178017,64,normal
TCP,192.168.100.20,192.168.100.10,55754,22,126,1771716446.178017,64,normal
TCP,192.168.100.10,192.168.100.20,22,55754,66,1771716446.178058,64,normal
TCP,192.168.100.20,192.168.100.10,55754,22,66,1771716446.178147,64,normal
TCP,192.168.100.10,192.168.100.20,22,55754,66,1771716446.182016,64,normal
TCP,192.168.100.20,192.168.100.10,55754,22,66,1771716446.182355,64,normal
TCP,192.168.100.20,192.168.100.10,33997,124,60,1771717503.831667,58,nmap
TCP,192.168.100.10,192.168.100.20,818,33997,54,1771717503.803456,64,nmap
TCP,192.168.100.20,192.168.100.10,33997,974,60,1771717503.831104,51,nmap
TCP,192.168.100.10,192.168.100.20,728,33997,54,1771717503.81021,64,nmap
TCP,192.168.100.20,192.168.100.10,33997,595,60,1771717503.830021,55,nmap
TCP,192.168.100.20,192.168.100.10,33997,161,60,1771717503.829979,57,nmap
TCP,192.168.100.10,192.168.100.20,286,33997,54,1771717503.810581,64,nmap
TCP,192.168.100.20,192.168.100.10,33997,934,60,1771717503.835558,43,nmap
TCP,192.168.100.20,192.168.100.10,33997,741,60,1771717503.77481,52,nmap
TCP,192.168.100.20,192.168.100.10,33997,837,60,1771717503.812221,37,nmap
TCP,192.168.100.10,192.168.100.20,608,33997,54,1771717503.774391,64,nmap
TCP,192.168.100.20,192.168.100.10,33997,74,60,1771717503.81192,55,nmap
TCP,192.168.100.10,192.168.100.20,862,33997,54,1771717503.832261,64,nmap
TCP,192.168.100.10,192.168.100.20,860,33997,54,1771717503.806095,64,nmap
TCP,192.168.100.20,192.168.100.10,33997,55,60,1771717503.803556,52,nmap
TCP,192.168.100.20,192.168.100.10,33997,873,60,1771717503.802283,52,nmap
TCP,192.168.100.20,192.168.100.10,33997,719,60,1771717503.808234,38,nmap
TCP,192.168.100.10,192.168.100.20,380,33997,54,1771717503.775427,64,nmap
TCP,192.168.100.20,192.168.100.10,33997,617,60,1771717503.832108,47,nmap
TCP,192.168.100.20,192.168.100.10,33997,237,60,1771717503.832806,41,nmap
TCP,192.168.100.10,192.168.100.20,290,33997,54,1771717503.807188,64,nmap
TCP,192.168.100.10,192.168.100.20,365,33997,54,1771717503.831077,64,nmap
TCP,192.168.100.20,192.168.100.10,33997,795,60,1771717503.829939,49,nmap
TCP,192.168.100.10,192.168.100.20,925,33997,54,1771717503.812661,64,nmap
TCP,192.168.100.20,192.168.100.10,33997,342,60,1771717503.836217,40,nmap
TCP,192.168.100.20,192.168.100.10,33997,190,60,1771717503.775027,52,nmap
TCP,192.168.100.20,192.168.100.10,33997,466,60,1771717503.812933,51,nmap
TCP,192.168.100.20,192.168.100.10,33997,545,60,1771717503.810952,55,nmap
TCP,192.168.100.20,192.168.100.10,33997,652,60,1771717503.808775,46,nmap
TCP,192.168.100.10,192.168.100.20,995,33997,54,1771717503.773989,64,nmap
TCP,192.168.100.10,192.168.100.20,791,33997,54,1771717503.806586,64,nmap
TCP,192.168.100.10,192.168.100.20,875,33997,54,1771717503.830181,64,nmap
TCP,192.168.100.20,192.168.100.10,33997,297,60,1771717503.806022,50,nmap
TCP,192.168.100.10,192.168.100.20,629,33997,54,1771717503.829422,64,nmap
TCP,192.168.100.20,192.168.100.10,33997,271,60,1771717503.836139,55,nmap
TCP,192.168.100.10,192.168.100.20,427,33997,54,1771717503.804726,64,nmap
TCP,192.168.100.10,192.168.100.20,907,33997,54,1771717503.834125,64,nmap
TCP,192.168.100.10,192.168.100.20,603,33997,54,1771717503.831716,64,nmap
TCP,192.168.100.20,192.168.100.10,33997,48,60,1771717503.829173,42,nmap
TCP,192.168.100.10,192.168.100.20,319,33997,54,1771717503.802183,64,nmap
TCP,192.168.100.20,192.168.100.10,33997,790,60,1771717503.775384,37,nmap
TCP,192.168.100.10,192.168.100.20,655,33997,54,1771717503.838174,64,nmap
TCP,192.168.100.10,192.168.100.20,234,33997,54,1771717503.802167,64,nmap
TCP,192.168.100.10,192.168.100.20,693,33997,54,1771717503.806101,64,nmap
TCP,192.168.100.10,192.168.100.20,372,33997,54,1771717503.829956,64,nmap
TCP,192.168.100.10,192.168.100.20,982,33997,54,1771717503.831483,64,nmap
TCP,192.168.100.20,192.168.100.10,33997,894,60,1771717503.805222,37,nmap
TCP,192.168.100.20,192.168.100.10,33997,157,60,1771717503.838583,56,nmap
TCP,192.168.100.10,192.168.100.20,2,33997,54,1771717503.774841,64,nmap
TCP,192.168.100.20,192.168.100.10,33997,881,60,1771717503.811739,47,nmap
TCP,192.168.100.10,192.168.100.20,737,33997,54,1771717503.835855,64,nmap
TCP,192.168.100.20,192.168.100.10,33997,499,60,1771717503.802085,41,nmap
TCP,192.168.100.20,192.168.100.10,33997,184,60,1771717503.813013,44,nmap
TCP,192.168.100.20,192.168.100.10,33997,385,60,1771717503.776585,59,nmap
TCP,192.168.100.20,192.168.100.10,33997,722,60,1771717503.810789,54,nmap
TCP,192.168.100.10,192.168.100.20,218,33997,54,1771717503.837463,64,nmap
TCP,192.168.100.10,192.168.100.20,349,33997,54,1771717503.810982,64,nmap
TCP,192.168.100.20,192.168.100.10,33997,226,60,1771717503.835075,42,nmap
TCP,192.168.100.10,192.168.100.20,932,33997,54,1771717503.835438,64,nmap
TCP,192.168.100.20,192.168.100.10,33997,883,60,1771717503.803471,55,nmap
TCP,192.168.100.10,192.168.100.20,36,33997,54,1771717503.828808,64,nmap
TCP,192.168.100.20,192.168.100.10,33997,524,60,1771717503.807267,38,nmap
TCP,192.168.100.20,192.168.100.10,33997,34,60,1771717503.831531,59,nmap
TCP,192.168.100.10,192.168.100.20,643,33997,54,1771717503.812803,64,nmap
TCP,192.168.100.10,192.168.100.20,584,33997,54,1771717503.838859,64,nmap
TCP,192.168.100.20,192.168.100.10,33997,677,60,1771717503.837272,39,nmap
TCP,192.168.100.10,192.168.100.20,899,33997,54,1771717503.809247,64,nmap
TCP,192.168.100.20,192.168.100.10,33997,358,60,1771717503.837322,47,nmap
TCP,192.168.100.10,192.168.100.20,842,33997,54,1771717503.775149,64,nmap
TCP,192.168.100.20,192.168.100.10,33997,286,60,1771717503.810574,52,nmap
TCP,192.168.100.20,192.168.100.10,33997,825,60,1771717503.809303,53,nmap
TCP,192.168.100.20,192.168.100.10,33997,437,60,1771717503.803799,51,nmap
TCP,192.168.100.20,192.168.100.10,33997,414,60,1771717503.833917,41,nmap
TCP,192.168.100.10,192.168.100.20,348,33997,54,1771717503.812314,64,nmap
TCP,192.168.100.20,192.168.100.10,33997,803,60,1771717503.808321,46,nmap
TCP,192.168.100.10,192.168.100.20,14,33997,54,1771717503.802868,64,nmap
TCP,192.168.100.10,192.168.100.20,748,33997,54,1771717503.832339,64,nmap
TCP,192.168.100.20,192.168.100.10,33997,522,60,1771717503.808703,50,nmap
TCP,192.168.100.10,192.168.100.20,859,33997,54,1771717503.803503,64,nmap
TCP,192.168.100.10,192.168.100.20,70,33997,54,1771717503.836772,64,nmap
TCP,192.168.100.10,192.168.100.20,213,33997,54,1771717503.774833,64,nmap
TCP,192.168.100.10,192.168.100.20,343,33997,54,1771717503.831086,64,nmap
TCP,192.168.100.20,192.168.100.10,33997,70,60,1771717503.836753,57,nmap
TCP,192.168.100.20,192.168.100.10,33997,327,60,1771717503.833656,47,nmap
TCP,192.168.100.10,192.168.100.20,363,33997,54,1771717503.835022,64,nmap
TCP,192.168.100.20,192.168.100.10,33997,874,60,1771717503.832515,49,nmap
TCP,192.168.100.20,192.168.100.10,33997,715,60,1771717503.836711,44,nmap
TCP,192.168.100.20,192.168.100.10,33997,299,60,1771717503.804929,53,nmap
TCP,192.168.100.10,192.168.100.20,702,33997,54,1771717503.802288,64,nmap
TCP,192.168.100.20,192.168.100.10,33997,320,60,1771717503.835704,45,nmap
TCP,192.168.100.20,192.168.100.10,33997,330,60,1771717503.83127,58,nmap
TCP,192.168.100.20,192.168.100.10,33997,919,60,1771717503.809574,43,nmap
TCP,192.168.100.20,192.168.100.10,33997,428,60,1771717503.776585,40,nmap
TCP,192.168.100.20,192.168.100.10,33997,941,60,1771717503.802577,49,nmap
TCP,192.168.100.20,192.168.100.10,33997,359,60,1771717503.837701,45,nmap
TCP,192.168.100.10,192.168.100.20,38,33997,54,1771717503.833729,64,nmap
TCP,192.168.100.10,192.168.100.20,73,33997,54,1771717503.806984,64,nmap
TCP,192.168.100.10,192.168.100.20,471,33997,54,1771717503.829511,64,nmap
TCP,192.168.100.20,192.168.100.10,33997,239,60,1771717503.811324,48,nmap
TCP,192.168.100.20,192.168.100.10,33997,504,60,1771717503.83823,44,nmap
TCP,192.168.100.20,192.168.100.10,33997,847,60,1771717503.829497,45,nmap
TCP,192.168.100.10,192.168.100.20,239,33997,54,1771717503.811326,64,nmap
TCP,192.168.100.20,192.168.100.10,33997,396,60,1771717503.804369,51,nmap
TCP,192.168.100.10,192.168.100.20,220,33997,54,1771717503.811099,64,nmap
TCP,192.168.100.20,192.168.100.10,33997,389,60,1771717503.776778,43,nmap
TCP,192.168.100.20,192.168.100.10,33997,292,60,1771717503.811548,57,nmap
TCP,192.168.100.10,192.168.100.20,922,33997,54,1771717503.806502,64,nmap
TCP,192.168.100.10,192.168.100.20,736,33997,54,1771717503.802193,64,nmap
TCP,192.168.100.20,192.168.100.10,33997,826,60,1771717503.806462,47,nmap
TCP,192.168.100.10,192.168.100.20,456,33997,54,1771717503.805682,64,nmap
TCP,192.168.100.10,192.168.100.20,833,33997,54,1771717503.808519,64,nmap
TCP,192.168.100.20,192.168.100.10,33997,815,60,1771717503.837442,54,nmap
TCP,192.168.100.10,192.168.100.20,330,33997,54,1771717503.831336,64,nmap
TCP,192.168.100.10,192.168.100.20,60,33997,54,1771717503.83669,64,nmap
TCP,192.168.100.20,192.168.100.10,33997,664,60,1771717503.808372,58,nmap
TCP,192.168.100.20,192.168.100.10,33997,107,60,1771717503.803799,42,nmap
TCP,192.168.100.10,192.168.100.20,954,33997,54,1771717503.811793,64,nmap
TCP,192.168.100.20,192.168.100.10,33997,775,60,1771717503.829979,42,nmap
TCP,192.168.100.10,192.168.100.20,819,33997,54,1771717503.803453,64,nmap
TCP,192.168.100.20,192.168.100.10,33997,64,60,1771717503.833548,47,nmap
TCP,192.168.100.20,192.168.100.10,33997,398,60,1771717503.829893,43,nmap
TCP,192.168.100.20,192.168.100.10,33997,500,60,1771717503.811969,44,nmap
TCP,192.168.100.10,192.168.100.20,284,33997,54,1771717503.828897,64,nmap
TCP,192.168.100.20,192.168.100.10,33997,985,60,1771717503.805139,42,nmap
TCP,192.168.100.10,192.168.100.20,668,33997,54,1771717503.803825,64,nmap
TCP,192.168.100.10,192.168.100.20,378,33997,54,1771717503.81319,64,nmap
TCP,192.168.100.20,192.168.100.10,33997,470,60,1771717503.804871,52,nmap
TCP,192.168.100.20,192.168.100.10,33997,150,60,1771717503.809962,45,nmap
TCP,192.168.100.20,192.168.100.10,33997,903,60,1771717503.836711,42,nmap
TCP,192.168.100.10,192.168.100.20,99,33997,54,1771717503.803479,64,nmap
TCP,192.168.100.20,192.168.100.10,33997,939,60,1771717503.83188,44,nmap
TCP,192.168.100.10,192.168.100.20,726,33997,54,1771717503.832609,64,nmap
TCP,192.168.100.20,192.168.100.10,33997,424,60,1771717503.808234,46,nmap
TCP,192.168.100.20,192.168.100.10,33997,56,60,1771717503.805464,38,nmap
TCP,192.168.100.10,192.168.100.20,317,33997,54,1771717503.808889,64,nmap
TCP,192.168.100.20,192.168.100.10,33997,337,60,1771717503.829497,41,nmap
TCP,192.168.100.20,192.168.100.10,33997,954,60,1771717503.811791,51,nmap
TCP,192.168.100.10,192.168.100.20,924,33997,54,1771717503.837247,64,nmap
TCP,192.168.100.10,192.168.100.20,344,33997,54,1771717503.838682,64,nmap
TCP,192.168.100.20,192.168.100.10,33997,285,60,1771717503.833549,51,nmap
TCP,192.168.100.10,192.168.100.20,459,33997,54,1771717503.83021,64,nmap
TCP,192.168.100.10,192.168.100.20,366,33997,54,1771717503.802604,64,nmap
TCP,192.168.100.20,192.168.100.10,33997,854,60,1771717503.834817,42,nmap
TCP,192.168.100.10,192.168.100.20,526,33997,54,1771717503.838753,64,nmap
TCP,192.168.100.20,192.168.100.10,33997,38,60,1771717503.833713,51,nmap
TCP,192.168.100.20,192.168.100.10,33997,713,60,1771717503.805464,47,nmap
TCP,192.168.100.20,192.168.100.10,33997,382,60,1771717503.807072,57,nmap
TCP,192.168.100.20,192.168.100.10,33997,779,60,1771717503.832251,40,nmap
TCP,192.168.100.20,192.168.100.10,33997,268,60,1771717503.776747,46,nmap
TCP,192.168.100.20,192.168.100.10,33997,534,60,1771717503.775384,47,nmap
TCP,192.168.100.10,192.168.100.20,712,33997,54,1771717503.831287,64,nmap
TCP,192.168.100.10,192.168.100.20,586,33997,54,1771717503.810791,64,nmap
TCP,192.168.100.20,192.168.100.10,33997,922,60,1771717503.8065,38,nmap
TCP,192.168.100.10,192.168.100.20,550,33997,54,1771717503.828885,64,nmap
TCP,192.168.100.10,192.168.100.20,597,33997,54,1771717503.802609,64,nmap
TCP,192.168.100.10,192.168.100.20,474,33997,54,1771717503.775615,64,nmap
TCP,192.168.100.20,192.168.100.10,33997,371,60,1771717503.805769,50,nmap
TCP,192.168.100.20,192.168.100.10,33997,27,60,1771717503.834884,55,nmap
TCP,192.168.100.20,192.168.100.10,33997,835,60,1771717503.806092,49,nmap
TCP,192.168.100.20,192.168.100.10,33997,30,60,1771717503.834666,42,nmap
TCP,192.168.100.20,192.168.100.10,33997,476,60,1771717503.807171,53,nmap
TCP,192.168.100.20,192.168.100.10,33997,114,60,1771717503.811255,50,nmap
TCP,192.168.100.20,192.168.100.10,33997,842,60,1771717503.775146,48,nmap
TCP,192.168.100.10,192.168.100.20,740,33997,54,1771717503.82884,64,nmap
TCP,192.168.100.20,192.168.100.10,33997,925,60,1771717503.812659,38,nmap
TCP,192.168.100.20,192.168.100.10,33997,225,60,1771717503.832251,40,nmap
TCP,192.168.100.10,192.168.100.20,847,33997,54,1771717503.829503,64,nmap
TCP,192.168.100.10,192.168.100.20,271,33997,54,1771717503.836141,64,nmap
TCP,192.168.100.20,192.168.100.10,33997,528,60,1771717503.776585,47,nmap
TCP,192.168.100.20,192.168.100.10,33997,670,60,1771717503.811088,51,nmap
TCP,192.168.100.20,192.168.100.10,33997,302,60,1771717503.813113,57,nmap
TCP,192.168.100.10,192.168.100.20,19,33997,54,1771717503.807271,64,nmap
TCP,192.168.100.10,192.168.100.20,334,33997,54,1771717503.838462,64,nmap
TCP,192.168.100.10,192.168.100.20,727,33997,54,1771717503.834489,64,nmap
TCP,192.168.100.20,192.168.100.10,33997,481,60,1771717503.804182,42,nmap
TCP,192.168.100.20,192.168.100.10,33997,740,60,1771717503.828825,51,nmap
TCP,192.168.100.10,192.168.100.20,914,33997,54,1771717503.808602,64,nmap
TCP,192.168.100.20,192.168.100.10,33997,933,60,1771717503.833656,56,nmap
TCP,192.168.100.20,192.168.100.10,33997,761,60,1771717503.830021,54,nmap
TCP,192.168.100.10,192.168.100.20,63,33997,54,1771717503.834686,64,nmap
TCP,192.168.100.10,192.168.100.20,136,33997,54,1771717503.809217,64,nmap
TCP,192.168.100.20,192.168.100.10,33997,178,60,1771717503.808668,50,nmap
TCP,192.168.100.10,192.168.100.20,766,33997,54,1771717503.836768,64,nmap
TCP,192.168.100.20,192.168.100.10,33997,546,60,1771717503.833548,47,nmap
TCP,192.168.100.20,192.168.100.10,33997,373,60,1771717503.809008,57,nmap
TCP,192.168.100.10,192.168.100.20,212,33997,54,1771717503.807755,64,nmap
TCP,192.168.100.20,192.168.100.10,33997,9,60,1771717503.838881,50,nmap
TCP,192.168.100.10,192.168.100.20,792,33997,54,1771717503.829206,64,nmap
TCP,192.168.100.10,192.168.100.20,219,33997,54,1771717503.830193,64,nmap
TCP,192.168.100.10,192.168.100.20,781,33997,54,1771717503.831082,64,nmap
TCP,192.168.100.10,192.168.100.20,50,33997,54,1771717503.806229,64,nmap
TCP,192.168.100.10,192.168.100.20,583,33997,54,1771717503.802255,64,nmap
TCP,192.168.100.10,192.168.100.20,695,33997,54,1771717503.810237,64,nmap
TCP,192.168.100.10,192.168.100.20,832,33997,54,1771717503.776722,64,nmap
TCP,192.168.100.10,192.168.100.20,391,33997,54,1771717503.77413,64,nmap
TCP,192.168.100.20,192.168.100.10,33997,491,60,1771717503.804871,55,nmap
TCP,192.168.100.10,192.168.100.20,961,33997,54,1771717503.812945,64,nmap
TCP,192.168.100.10,192.168.100.20,352,33997,54,1771717503.83854,64,nmap
TCP,192.168.100.10,192.168.100.20,850,33997,54,1771717503.807516,64,nmap
TCP,192.168.100.20,192.168.100.10,33997,551,60,1771717503.810923,58,nmap
TCP,192.168.100.10,192.168.100.20,0,31849,54,1771717739.129921,64,dos
TCP,192.168.100.20,192.168.100.10,32544,0,60,1771717731.595335,64,dos
TCP,192.168.100.20,192.168.100.10,23484,0,60,1771717748.081203,64,dos
TCP,192.168.100.10,192.168.100.20,0,10144,54,1771717752.294208,64,dos
TCP,192.168.100.20,192.168.100.10,57820,0,60,1771717730.673232,64,dos
TCP,192.168.100.20,192.168.100.10,55630,0,60,1771717742.727342,64,dos
TCP,192.168.100.10,192.168.100.20,0,29061,54,1771717718.004415,64,dos
TCP,192.168.100.20,192.168.100.10,47309,0,60,1771717721.512654,64,dos
TCP,192.168.100.10,192.168.100.20,0,50707,54,1771717745.667665,64,dos
TCP,192.168.100.10,192.168.100.20,0,45061,54,1771717721.460158,64,dos
TCP,192.168.100.10,192.168.100.20,0,10313,54,1771717723.690252,64,dos
TCP,192.168.100.10,192.168.100.20,0,10836,54,1771717728.085117,64,dos
TCP,192.168.100.20,192.168.100.10,20481,0,60,1771717731.320812,64,dos
TCP,192.168.100.20,192.168.100.10,41301,0,60,1771717725.755371,64,dos
TCP,192.168.100.10,192.168.100.20,0,4911,54,1771717722.054984,64,dos
TCP,192.168.100.20,192.168.100.10,128,0,60,1771717741.440924,64,dos
TCP,192.168.100.20,192.168.100.10,22190,0,60,1771717735.884339,64,dos
TCP,192.168.100.10,192.168.100.20,0,11685,54,1771717749.303335,64,dos
TCP,192.168.100.10,192.168.100.20,0,28806,54,1771717724.113874,64,dos
TCP,192.168.100.20,192.168.100.10,47436,0,60,1771717744.071013,64,dos
TCP,192.168.100.10,192.168.100.20,0,28843,54,1771717737.544897,64,dos
TCP,192.168.100.20,192.168.100.10,29551,0,60,1771717724.131273,64,dos
TCP,192.168.100.10,192.168.100.20,0,14538,54,1771717738.725849,64,dos
TCP,192.168.100.10,192.168.100.20,0,13574,54,1771717722.258138,64,dos
TCP,192.168.100.10,192.168.100.20,0,27760,54,1771717731.487567,64,dos
TCP,192.168.100.10,192.168.100.20,0,31468,54,1771717749.75424,64,dos
TCP,192.168.100.20,192.168.100.10,17846,0,60,1771717744.893904,64,dos
TCP,192.168.100.20,192.168.100.10,25702,0,60,1771717726.902904,64,dos
TCP,192.168.100.10,192.168.100.20,0,37465,54,1771717734.719114,64,dos
TCP,192.168.100.20,192.168.100.10,53827,0,60,1771717723.18382,64,dos
TCP,192.168.100.20,192.168.100.10,57974,0,60,1771717739.742454,64,dos
TCP,192.168.100.10,192.168.100.20,0,37439,54,1771717749.884946,64,dos
TCP,192.168.100.20,192.168.100.10,29190,0,60,1771717718.007395,64,dos
TCP,192.168.100.10,192.168.100.20,0,34786,54,1771717731.646025,64,dos
TCP,192.168.100.10,192.168.100.20,0,1357,54,1771717746.045061,64,dos
TCP,192.168.100.20,192.168.100.10,46290,0,60,1771717747.095438,64,dos
TCP,192.168.100.10,192.168.100.20,0,6164,54,1771717734.001468,64,dos
TCP,192.168.100.20,192.168.100.10,31699,0,60,1771717736.103838,64,dos
TCP,192.168.100.20,192.168.100.10,63848,0,60,1771717730.815139,64,dos
TCP,192.168.100.10,192.168.100.20,0,29033,54,1771717749.698593,64,dos
TCP,192.168.100.10,192.168.100.20,0,22702,54,1771717740.450524,64,dos
TCP,192.168.100.20,192.168.100.10,2446,0,60,1771717717.372228,64,dos
TCP,192.168.100.20,192.168.100.10,50741,0,60,1771717736.536233,64,dos
TCP,192.168.100.10,192.168.100.20,0,34086,54,1771717722.724617,64,dos
TCP,192.168.100.20,192.168.100.10,52922,0,60,1771717738.106202,64,dos
TCP,192.168.100.20,192.168.100.10,19622,0,60,1771717720.865442,64,dos
TCP,192.168.100.20,192.168.100.10,34300,0,60,1771717742.233594,64,dos
TCP,192.168.100.20,192.168.100.10,41906,0,60,1771717730.307604,64,dos
TCP,192.168.100.20,192.168.100.10,13822,0,60,1771717743.270712,64,dos
TCP,192.168.100.10,192.168.100.20,0,56365,54,1771717750.318317,64,dos
TCP,192.168.100.20,192.168.100.10,25722,0,60,1771717748.132521,64,dos
TCP,192.168.100.20,192.168.100.10,38189,0,60,1771717742.323893,64,dos
TCP,192.168.100.20,192.168.100.10,13097,0,60,1771717719.17812,64,dos
TCP,192.168.100.10,192.168.100.20,0,7292,54,1771717744.649378,64,dos
TCP,192.168.100.20,192.168.100.10,39959,0,60,1771717734.776678,64,dos
TCP,192.168.100.10,192.168.100.20,0,1502,54,1771717723.487196,64,dos
TCP,192.168.100.10,192.168.100.20,0,42560,54,1771717733.33101,64,dos
TCP,192.168.100.10,192.168.100.20,0,2944,54,1771717743.021006,64,dos
TCP,192.168.100.20,192.168.100.10,6307,0,60,1771717735.515919,64,dos
TCP,192.168.100.10,192.168.100.20,0,23614,54,1771717748.084094,64,dos
TCP,192.168.100.10,192.168.100.20,0,45161,54,1771717736.410339,64,dos
TCP,192.168.100.10,192.168.100.20,0,10657,54,1771717728.080942,64,dos
TCP,192.168.100.10,192.168.100.20,0,42917,54,1771717727.296928,64,dos
TCP,192.168.100.20,192.168.100.10,15427,0,60,1771717749.388589,64,dos
TCP,192.168.100.10,192.168.100.20,0,1790,54,1771717739.959483,64,dos
TCP,192.168.100.10,192.168.100.20,0,33123,54,1771717728.600273,64,dos
TCP,192.168.100.20,192.168.100.10,65504,0,60,1771717753.56959,64,dos
TCP,192.168.100.20,192.168.100.10,64697,0,60,1771717726.292472,64,dos
TCP,192.168.100.10,192.168.100.20,0,50727,54,1771717730.508794,64,dos
TCP,192.168.100.10,192.168.100.20,0,19819,54,1771717746.476012,64,dos
TCP,192.168.100.20,192.168.100.10,20769,0,60,1771717744.961934,64,dos
TCP,192.168.100.20,192.168.100.10,33903,0,60,1771717751.329172,64,dos
TCP,192.168.100.20,192.168.100.10,21970,0,60,1771717734.360864,64,dos
TCP,192.168.100.10,192.168.100.20,0,45827,54,1771717719.941221,64,dos
TCP,192.168.100.10,192.168.100.20,0,29711,54,1771717739.081631,64,dos
TCP,192.168.100.20,192.168.100.10,9182,0,60,1771717722.154489,64,dos
TCP,192.168.100.10,192.168.100.20,0,57065,54,1771717747.340804,64,dos
TCP,192.168.100.10,192.168.100.20,0,41942,54,1771717721.386876,64,dos
TCP,192.168.100.20,192.168.100.10,54092,0,60,1771717741.172809,64,dos
TCP,192.168.100.20,192.168.100.10,48441,0,60,1771717721.538162,64,dos
TCP,192.168.100.10,192.168.100.20,0,23184,54,1771717729.878584,64,dos
TCP,192.168.100.20,192.168.100.10,19603,0,60,1771717717.780124,64,dos
TCP,192.168.100.20,192.168.100.10,24048,0,60,1771717751.101479,64,dos
TCP,192.168.100.20,192.168.100.10,14518,0,60,1771717747.871145,64,dos
TCP,192.168.100.20,192.168.100.10,59060,0,60,1771717724.82033,64,dos
TCP,192.168.100.20,192.168.100.10,11609,0,60,1771717750.804243,64,dos
TCP,192.168.100.10,192.168.100.20,0,29381,54,1771717722.621017,64,dos
TCP,192.168.100.10,192.168.100.20,0,56890,54,1771717745.812709,64,dos
TCP,192.168.100.20,192.168.100.10,10752,0,60,1771717732.603413,64,dos
TCP,192.168.100.10,192.168.100.20,0,10366,54,1771717734.099637,64,dos
TCP,192.168.100.20,192.168.100.10,44877,0,60,1771717742.480989,64,dos
TCP,192.168.100.20,192.168.100.10,14175,0,60,1771717732.683986,64,dos
TCP,192.168.100.20,192.168.100.10,37692,0,60,1771717751.416399,64,dos
TCP,192.168.100.10,192.168.100.20,0,59667,54,1771717738.260662,64,dos
TCP,192.168.100.20,192.168.100.10,36722,0,60,1771717736.219636,64,dos
TCP,192.168.100.20,192.168.100.10,52512,0,60,1771717741.136727,64,dos
TCP,192.168.100.20,192.168.100.10,59044,0,60,1771717753.420982,64,dos
TCP,192.168.100.10,192.168.100.20,0,28721,54,1771717748.200305,64,dos
TCP,192.168.100.10,192.168.100.20,0,20176,54,1771717743.419918,64,dos
TCP,192.168.100.20,192.168.100.10,18321,0,60,1771717743.376795,64,dos
TCP,192.168.100.10,192.168.100.20,0,40759,54,1771717721.359531,64,dos
TCP,192.168.100.20,192.168.100.10,26466,0,60,1771717740.538033,64,dos
TCP,192.168.100.10,192.168.100.20,0,18961,54,1771717738.831543,64,dos
TCP,192.168.100.20,192.168.100.10,42345,0,60,1771717747.003744,64,dos
TCP,192.168.100.20,192.168.100.10,20007,0,60,1771717746.480162,64,dos
TCP,192.168.100.10,192.168.100.20,0,48249,54,1771717723.055687,64,dos
TCP,192.168.100.20,192.168.100.10,19723,0,60,1771717723.912398,64,dos
TCP,192.168.100.20,192.168.100.10,27392,0,60,1771717740.559498,64,dos
TCP,192.168.100.10,192.168.100.20,0,23423,54,1771717719.420739,64,dos
TCP,192.168.100.20,192.168.100.10,18984,0,60,1771717740.364011,64,dos
TCP,192.168.100.20,192.168.100.10,1410,0,60,1771717747.568873,64,dos
TCP,192.168.100.20,192.168.100.10,48440,0,60,1771717721.538162,64,dos
TCP,192.168.100.10,192.168.100.20,0,26546,54,1771717740.539831,64,dos
TCP,192.168.100.10,192.168.100.20,0,37690,54,1771717737.747665,64,dos
TCP,192.168.100.10,192.168.100.20,0,47029,54,1771717753.142502,64,dos
TCP,192.168.100.20,192.168.100.10,28651,0,60,1771717721.07595,64,dos
TCP,192.168.100.10,192.168.100.20,0,53971,54,1771717720.130315,64,dos
TCP,192.168.100.20,192.168.100.10,53867,0,60,1771717741.167581,64,dos
TCP,192.168.100.10,192.168.100.20,0,5349,54,1771717727.957942,64,dos
TCP,192.168.100.20,192.168.100.10,18629,0,60,1771717744.911672,64,dos
TCP,192.168.100.10,192.168.100.20,0,14062,54,1771717728.15976,64,dos
TCP,192.168.100.20,192.168.100.10,47081,0,60,1771717719.970246,64,dos
TCP,192.168.100.20,192.168.100.10,14158,0,60,1771717738.717392,64,dos
TCP,192.168.100.20,192.168.100.10,52247,0,60,1771717742.650704,64,dos
TCP,192.168.100.20,192.168.100.10,9327,0,60,1771717749.248948,64,dos
TCP,192.168.100.10,192.168.100.20,0,23316,54,1771717720.950464,64,dos
TCP,192.168.100.20,192.168.100.10,8990,0,60,1771717722.150349,64,dos
TCP,192.168.100.20,192.168.100.10,18739,0,60,1771717719.312066,64,dos
TCP,192.168.100.10,192.168.100.20,0,58755,54,1771717735.203939,64,dos
TCP,192.168.100.20,192.168.100.10,57673,0,60,1771717724.787867,64,dos
TCP,192.168.100.10,192.168.100.20,0,57891,54,1771717742.778078,64,dos
TCP,192.168.100.10,192.168.100.20,0,7086,54,1771717734.022244,64,dos
TCP,192.168.100.20,192.168.100.10,52016,0,60,1771717739.604409,64,dos
TCP,192.168.100.10,192.168.100.20,0,9382,54,1771717723.66863,64,dos
TCP,192.168.100.20,192.168.100.10,37272,0,60,1771717742.303188,64,dos
TCP,192.168.100.20,192.168.100.10,22506,0,60,1771717748.058706,64,dos
TCP,192.168.100.10,192.168.100.20,0,65133,54,1771717732.347449,64,dos
TCP,192.168.100.10,192.168.100.20,0,35744,54,1771717740.754371,64,dos
TCP,192.168.100.20,192.168.100.10,54682,0,60,1771717733.609375,64,dos
TCP,192.168.100.20,192.168.100.10,58543,0,60,1771717747.376114,64,dos
TCP,192.168.100.20,192.168.100.10,52268,0,60,1771717721.62777,64,dos
TCP,192.168.100.20,192.168.100.10,41891,0,60,1771717737.846961,64,dos
TCP,192.168.100.20,192.168.100.10,16536,0,60,1771717731.230376,64,dos
TCP,192.168.100.20,192.168.100.10,3335,0,60,1771717726.387222,64,dos
TCP,192.168.100.20,192.168.100.10,11337,0,60,1771717731.110471,64,dos
TCP,192.168.100.10,192.168.100.20,0,41581,54,1771717739.358552,64,dos
TCP,192.168.100.10,192.168.100.20,0,17935,54,1771717744.895703,64,dos
TCP,192.168.100.20,192.168.100.10,53718,0,60,1771717750.258701,64,dos
TCP,192.168.100.20,192.168.100.10,60655,0,60,1771717720.287129,64,dos
TCP,192.168.100.20,192.168.100.10,11095,0,60,1771717747.792496,64,dos
TCP,192.168.100.10,192.168.100.20,0,43250,54,1771717747.02393,64,dos
TCP,192.168.100.10,192.168.100.20,0,32711,54,1771717718.090109,64,dos
TCP,192.168.100.20,192.168.100.10,16815,0,60,1771717717.716222,64,dos
TCP,192.168.100.10,192.168.100.20,0,35756,54,1771717736.197894,64,dos
TCP,192.168.100.20,192.168.100.10,42169,0,60,1771717751.521917,64,dos
TCP,192.168.100.10,192.168.100.20,0,48949,54,1771717745.627622,64,dos
TCP,192.168.100.20,192.168.100.10,37952,0,60,1771717736.247365,64,dos
TCP,192.168.100.10,192.168.100.20,0,22377,54,1771717734.369878,64,dos
TCP,192.168.100.10,192.168.100.20,0,8732,54,1771717728.037396,64,dos
TCP,192.168.100.20,192.168.100.10,25666,0,60,1771717745.075702,64,dos
TCP,192.168.100.20,192.168.100.10,13420,0,60,1771717717.633254,64,dos
TCP,192.168.100.20,192.168.100.10,11705,0,60,1771717729.609823,64,dos
TCP,192.168.100.20,192.168.100.10,53328,0,60,1771717718.577294,64,dos
TCP,192.168.100.10,192.168.100.20,0,54625,54,1771717718.608458,64,dos
TCP,192.168.100.10,192.168.100.20,0,2779,54,1771717717.378714,64,dos
TCP,192.168.100.10,192.168.100.20,0,38284,54,1771717728.720299,64,dos
TCP,192.168.100.20,192.168.100.10,13085,0,60,1771717731.150394,64,dos
TCP,192.168.100.20,192.168.100.10,42776,0,60,1771717718.32593,64,dos
TCP,192.168.100.10,192.168.100.20,0,61882,54,1771717732.274475,64,dos
TCP,192.168.100.10,192.168.100.20,0,56523,54,1771717747.328277,64,dos
TCP,192.168.100.20,192.168.100.10,4085,0,60,1771717725.060793,64,dos
TCP,192.168.100.20,192.168.100.10,25393,0,60,1771717717.917099,64,dos
TCP,192.168.100.10,192.168.100.20,0,23639,54,1771717735.916855,64,dos
TCP,192.168.100.20,192.168.100.10,50924,0,60,1771717724.62764,64,dos
TCP,192.168.100.10,192.168.100.20,0,26121,54,1771717735.974207,64,dos
TCP,192.168.100.20,192.168.100.10,13619,0,60,1771717717.638079,64,dos
TCP,192.168.100.20,192.168.100.10,58415,0,60,1771717718.699147,64,dos
TCP,192.168.100.20,192.168.100.10,21579,0,60,1771717725.369473,64,dos
TCP,192.168.100.10,192.168.100.20,0,61723,54,1771717726.22405,64,dos
TCP,192.168.100.10,192.168.100.20,0,5599,54,1771717750.668135,64,dos
TCP,192.168.100.10,192.168.100.20,0,24640,54,1771717745.051115,64,dos
TCP,192.168.100.10,192.168.100.20,0,62840,54,1771717736.815641,64,dos
TCP,192.168.100.20,192.168.100.10,39082,0,60,1771717748.430456,64,dos
TCP,192.168.100.10,192.168.100.20,0,56783,54,1771717730.649652,64,dos
TCP,192.168.100.20,192.168.100.10,22172,0,60,1771717737.391165,64,dos
TCP,192.168.100.20,192.168.100.10,47089,0,60,1771717744.063632,64,dos
TCP,192.168.100.20,192.168.100.10,37573,0,60,1771717746.893467,64,dos
TCP,192.168.100.20,192.168.100.10,57661,0,60,1771717720.217056,64,dos
TCP,192.168.100.10,192.168.100.20,0,12274,54,1771717726.592873,64,dos
TCP,192.168.100.20,192.168.100.10,43833,0,60,1771717736.380167,64,dos
TCP,192.168.100.20,192.168.100.10,28406,0,60,1771717740.583378,64,dos
TCP,192.168.100.20,192.168.100.10,39475,0,60,1771717748.438935,64,dos
TCP,192.168.100.20,192.168.100.10,11591,0,60,1771717734.120973,64,dos
TCP,192.168.100.10,192.168.100.20,0,34580,54,1771717718.133498,64,dos
TCP,192.168.100.10,192.168.100.20,0,5122,54,1771717738.507251,64,dos
TCP,192.168.100.10,192.168.100.20,0,1804,54,1771717723.494137,64,dos
TCP,192.168.100.20,192.168.100.10,27072,0,60,1771717731.471958,64,dos
TCP,192.168.100.10,192.168.100.20,0,59061,54,1771717721.785669,64,dos
TCP,192.168.100.10,192.168.100.20,0,24994,54,1771717729.919592,64,dos
TCP,192.168.100.10,192.168.100.20,0,9638,54,1771717752.282777,64,dos
